filename,bearing,index
http://media.getty.edu/iiif/research/archives/2012m1_ref79_8u9_FL2978614,59.489762597967584,0.0
http://media.getty.edu/iiif/research/archives/2012m1_ref79_8u9_FL2978616,63.735974663224994,0.001170893041945014
http://media.getty.edu/iiif/research/archives/2012m1_ref79_8u9_FL2978617,63.73597466913619,0.0023324353540284297
http://media.getty.edu/iiif/research/archives/2012m1_ref79_8u9_FL2978618,79.32596352069554,0.0034939778315293242
http://media.getty.edu/iiif/research/archives/2012m1_ref79_8u9_FL2978619,87.23647891140122,0.004655520608371834
http://media.getty.edu/iiif/research/archives/2012m1_ref79_8u9_FL2978620,88.54269176810605,0.005817062923444869
http://media.getty.edu/iiif/research/archives/2012m1_ref79_8u9_FL2978621,88.5426917714229,0.0069786052386301405
http://media.getty.edu/iiif/research/archives/2012m1_ref79_8u9_FL2978622,89.88229363762343,0.008140147553837646
http://media.getty.edu/iiif/research/archives/2012m1_ref79_8u9_FL2978623,89.88229363762343,0.009427961264555744
http://media.getty.edu/iiif/research/archives/2012m1_ref79_8u9_FL2978624,90.44761417263744,0.010715775144504521
http://media.getty.edu/iiif/research/archives/2012m1_ref79_8u9_FL2978625,90.44761416969186,0.012003589033869543
http://media.getty.edu/iiif/research/archives/2012m1_ref79_8u9_FL2978626,91.06557327858869,0.013291402883138752
http://media.getty.edu/iiif/research/archives/2012m1_ref79_8u9_FL2978627,91.14929819831833,0.014579216768346542
http://media.getty.edu/iiif/research/archives/2012m1_ref79_8u9_FL2978628,91.1492981952066,0.0158670306535341
http://media.getty.edu/iiif/research/archives/2012m1_ref79_8u9_FL2978629,91.14929819831833,0.017154844538723003
http://media.getty.edu/iiif/research/archives/2012m1_ref79_8u9_FL2978630,90.86958006312568,0.018442658237544377
http://media.getty.edu/iiif/research/archives/2012m1_ref79_8u9_FL2978631,88.75463573479274,0.019730472128698995
http://media.getty.edu/iiif/research/archives/2012m1_ref79_8u9_FL2978632,88.75463573167069,0.021018286010575774
http://media.getty.edu/iiif/research/archives/2012m1_ref79_8u9_FL2978633,88.75463573466268,0.022306099901709925
http://media.getty.edu/iiif/research/archives/2012m1_ref79_8u9_FL2978634,88.75463573167069,0.023593913783586707
http://media.getty.edu/iiif/research/archives/2012m1_ref79_8u9_FL2978635,89.4093428043679,0.024881727731062904
http://media.getty.edu/iiif/research/archives/2012m1_ref79_8u9_FL2978636,89.4093428043679,0.025972289567623034
http://media.getty.edu/iiif/research/archives/2012m1_ref79_8u9_FL2978637,89.40934278670132,0.027062851394766965
http://media.getty.edu/iiif/research/archives/2012m1_ref79_8u9_FL2978638,89.40934278316789,0.028153413231327095
http://media.getty.edu/iiif/research/archives/2012m1_ref79_8u9_FL2978639,89.40934278662854,0.02924397505847103
http://media.getty.edu/iiif/research/archives/2012m1_ref79_8u9_FL2978640,89.23590942367188,0.030334536870209552
http://media.getty.edu/iiif/research/archives/2012m1_ref79_8u9_FL2978641,88.97530669971694,0.03142509869537556
http://media.getty.edu/iiif/research/archives/2012m1_ref79_8u9_FL2978642,88.97530670312317,0.03251566053007252
http://media.getty.edu/iiif/research/archives/2012m1_ref79_8u9_FL2978643,88.97530669971694,0.03360622236478752
http://media.getty.edu/iiif/research/archives/2012m1_ref79_8u9_FL2978644,88.97530670324979,0.034696784189935485
http://media.getty.edu/iiif/research/archives/2012m1_ref79_8u9_FL2978645,90.59310283670803,0.03578734590152508
http://media.getty.edu/iiif/research/archives/2012m1_ref79_8u9_FL2978646,90.59310283670803,0.03689403593937573
http://media.getty.edu/iiif/research/archives/2012m1_ref79_8u9_FL2978647,90.59310282626242,0.038000725986641185
http://media.getty.edu/iiif/research/archives/2012m1_ref79_8u9_FL2978648,90.59310282626242,0.03910741603390733
http://media.getty.edu/iiif/research/archives/2012m1_ref79_8u9_FL2978649,90.59310282626242,0.04021410607175798
http://media.getty.edu/iiif/research/archives/2012m1_ref79_8u9_FL2978650,88.59830344745141,0.041320796140845835
http://media.getty.edu/iiif/research/archives/2012m1_ref79_8u9_FL2978651,88.44484049756333,0.042427486178674936
http://media.getty.edu/iiif/research/archives/2012m1_ref79_8u9_FL2978652,88.44484049408261,0.04353417622605285
http://media.getty.edu/iiif/research/archives/2012m1_ref79_8u9_FL2978653,88.69884340221438,0.04464086635207887
http://media.getty.edu/iiif/research/archives/2012m1_ref79_8u9_FL2978654,90.17647514793062,0.045747556394497464
http://media.getty.edu/iiif/research/archives/2012m1_ref79_8u9_FL2978655,90.17647514793062,0.04685424643691626
http://media.getty.edu/iiif/research/archives/2012m1_ref79_8u9_FL2978656,90.17647514793062,0.047960936479331966
http://media.getty.edu/iiif/research/archives/2012m1_ref79_8u9_FL2978657,90.17647514793062,0.04906762652175077
http://media.getty.edu/iiif/research/archives/2012m1_ref79_8u9_FL2978658,90.17647514793062,0.050174316564169576
http://media.getty.edu/iiif/research/archives/2012m1_ref79_8u9_FL2978659,90.17647514793062,0.05128100660658817
http://media.getty.edu/iiif/research/archives/2012m1_ref79_8u9_FL2978660,90.17647514793062,0.05238769664913859
http://media.getty.edu/iiif/research/archives/2012m1_ref79_8u9_FL2978661,90.17647514793062,0.053494386691557184
http://media.getty.edu/iiif/research/archives/2012m1_ref79_8u9_FL2978662,89.7066794812551,0.05460107676369706
http://media.getty.edu/iiif/research/archives/2012m1_ref79_8u9_FL2978663,89.7066794812551,0.0557949115326999
http://media.getty.edu/iiif/research/archives/2012m1_ref79_8u9_FL2978664,89.70667946188797,0.05698874630170789
http://media.getty.edu/iiif/research/archives/2012m1_ref79_8u9_FL2978665,89.70667945866049,0.05818258107057621
http://media.getty.edu/iiif/research/archives/2012m1_ref79_8u9_FL2978666,89.70667945866049,0.05937641583958421
http://media.getty.edu/iiif/research/archives/2012m1_ref79_8u9_FL2978667,89.98872940639184,0.060570250524142534
http://media.getty.edu/iiif/research/archives/2012m1_ref79_8u9_FL2978668,90.49713094668923,0.061764085290200985
http://media.getty.edu/iiif/research/archives/2012m1_ref79_8u9_FL2978669,90.49713094668923,0.06295792006581018
http://media.getty.edu/iiif/research/archives/2012m1_ref79_8u9_FL2978670,90.38262581928782,0.06415175483200314
http://media.getty.edu/iiif/research/archives/2012m1_ref79_8u9_FL2978671,90.38262581928782,0.0651453302940183
http://media.getty.edu/iiif/research/archives/2012m1_ref79_8u9_FL2978672,90.31860160589983,0.06613890573856403
http://media.getty.edu/iiif/research/archives/2012m1_ref79_8u9_FL2978673,90.3186016059428,0.06713248119252561
http://media.getty.edu/iiif/research/archives/2012m1_ref79_8u9_FL2978674,90.31860160589983,0.06812605664649243
http://media.getty.edu/iiif/research/archives/2012m1_ref79_8u9_FL2978675,90.3186016059428,0.06911963210045402
http://media.getty.edu/iiif/research/archives/2012m1_ref79_8u9_FL2978676,90.31860160589983,0.07011320754500498
http://media.getty.edu/iiif/research/archives/2012m1_ref79_8u9_FL2978677,90.31860160982116,0.07110678299896657
http://media.getty.edu/iiif/research/archives/2012m1_ref79_8u9_FL2978678,90.31860160589983,0.07210035845306229
http://media.getty.edu/iiif/research/archives/2012m1_ref79_8u9_FL2978679,90.3186016059428,0.07309393390702912
http://media.getty.edu/iiif/research/archives/2012m1_ref79_8u9_FL2978680,90.31860160589983,0.07408750935157483
http://media.getty.edu/iiif/research/archives/2012m1_ref79_8u9_FL2978681,63.875692484207676,0.07472342532977362
http://media.getty.edu/iiif/research/archives/2012m1_ref79_8u9_FL2978682,63.875692484207676,0.07547904318412786
http://media.getty.edu/iiif/research/archives/2012m1_ref79_8u9_FL2978683,89.3170363041715,0.0765959350484846
http://media.getty.edu/iiif/research/archives/2012m1_ref79_8u9_FL2978684,89.31703630080365,0.07771282691297583
http://media.getty.edu/iiif/research/archives/2012m1_ref79_8u9_FL2978685,89.3170363041715,0.07882971876806295
http://media.getty.edu/iiif/research/archives/2012m1_ref79_8u9_FL2978686,89.31703630080365,0.0799466106325534
http://media.getty.edu/iiif/research/archives/2012m1_ref79_8u9_FL2978687,89.3170363041715,0.08106350249704464
http://media.getty.edu/iiif/research/archives/2012m1_ref79_8u9_FL2978688,86.00038014668516,0.08218039356304699
http://media.getty.edu/iiif/research/archives/2012m1_ref79_8u9_FL2978689,77.40667004153262,0.08329728476765524
http://media.getty.edu/iiif/research/archives/2012m1_ref79_8u9_FL2978690,77.29164188630025,0.08441417492405986
http://media.getty.edu/iiif/research/archives/2012m1_ref79_8u9_FL2978691,71.38825053928724,0.08551394285214638
http://media.getty.edu/iiif/research/archives/2012m1_ref79_8u9_FL2978692,60.15108640705008,0.08665532125913217
http://media.getty.edu/iiif/research/archives/2012m1_ref79_8u9_FL2978693,60.15108640705008,0.08753065378377213
http://media.getty.edu/iiif/research/archives/2012m1_ref79_8u9_FL2978694,61.013039048847595,0.08841893718235436
http://media.getty.edu/iiif/research/archives/2012m1_ref79_8u9_FL2978695,61.281986036904804,0.0893209401438626
http://media.getty.edu/iiif/research/archives/2012m1_ref79_8u9_FL2978696,61.28198603268554,0.09019647131768696
http://media.getty.edu/iiif/research/archives/2012m1_ref79_8u9_FL2978697,61.071678435706595,0.09107849783614487
http://media.getty.edu/iiif/research/archives/2012m1_ref79_8u9_FL2978698,60.90138992622943,0.09195105976784977
http://media.getty.edu/iiif/research/archives/2012m1_ref79_8u9_FL2978699,60.9013899343362,0.09282362170009874
http://media.getty.edu/iiif/research/archives/2012m1_ref79_8u9_FL2978700,60.435763766476825,0.09369691849762375
http://media.getty.edu/iiif/research/archives/2012m1_ref79_8u9_FL2978701,60.33691134099501,0.09459541784564267
http://media.getty.edu/iiif/research/archives/2012m1_ref79_8u9_FL2978702,63.201605377924636,0.09547240499171353
http://media.getty.edu/iiif/research/archives/2012m1_ref79_8u9_FL2978703,63.34981399518893,0.09634935891792763
http://media.getty.edu/iiif/research/archives/2012m1_ref79_8u9_FL2978704,63.34981399518893,0.0972630369895024
http://media.getty.edu/iiif/research/archives/2012m1_ref79_8u9_FL2978705,69.4794248738478,0.09813809201415835
http://media.getty.edu/iiif/research/archives/2012m1_ref79_8u9_FL2978706,72.04193726064618,0.09901299794599272
http://media.getty.edu/iiif/research/archives/2012m1_ref79_8u9_FL2978707,72.0148521908761,0.09988790388628858
http://media.getty.edu/iiif/research/archives/2012m1_ref79_8u9_FL2978708,72.0148521908761,0.10086888383260363
http://media.getty.edu/iiif/research/archives/2012m1_ref79_8u9_FL2978709,72.01018145856833,0.10184199947936616
http://media.getty.edu/iiif/research/archives/2012m1_ref79_8u9_FL2978710,71.91221374832533,0.1028152039741302
http://media.getty.edu/iiif/research/archives/2012m1_ref79_8u9_FL2978711,70.88274466731389,0.10385514255761981
http://media.getty.edu/iiif/research/archives/2012m1_ref79_8u9_FL2978712,70.88274466472527,0.10482886437673536
http://media.getty.edu/iiif/research/archives/2012m1_ref79_8u9_FL2978713,70.88274466731389,0.10580258618708493
http://media.getty.edu/iiif/research/archives/2012m1_ref79_8u9_FL2978714,70.88274466357936,0.10675086459708989
http://media.getty.edu/iiif/research/archives/2012m1_ref79_8u9_FL2978715,70.88274466472527,0.10772591886385656
http://media.getty.edu/iiif/research/archives/2012m1_ref79_8u9_FL2978716,70.88274466731389,0.10870097313963537
http://media.getty.edu/iiif/research/archives/2012m1_ref79_8u9_FL2978717,70.88274466731389,0.10965770945659263
http://media.getty.edu/iiif/research/archives/2012m1_ref79_8u9_FL2978718,70.88274466099072,0.11063230794645308
http://media.getty.edu/iiif/research/archives/2012m1_ref79_8u9_FL2978719,68.2734820272388,0.11160652808977667
http://media.getty.edu/iiif/research/archives/2012m1_ref79_8u9_FL2978720,66.38228830218415,0.11258047396091121
http://media.getty.edu/iiif/research/archives/2012m1_ref79_8u9_FL2978721,66.38228830218415,0.11355441984063358
http://media.getty.edu/iiif/research/archives/2012m1_ref79_8u9_FL2978722,66.38228830218415,0.11452836571176812
http://media.getty.edu/iiif/research/archives/2012m1_ref79_8u9_FL2978723,66.382288308972,0.11547627199210689
http://media.getty.edu/iiif/research/archives/2012m1_ref79_8u9_FL2978724,66.38228830218415,0.11645118082939072
http://media.getty.edu/iiif/research/archives/2012m1_ref79_8u9_FL2978725,66.38228830218415,0.11742608965760028
http://media.getty.edu/iiif/research/archives/2012m1_ref79_8u9_FL2978726,66.38228830218415,0.11840099849488411
http://media.getty.edu/iiif/research/archives/2012m1_ref79_8u9_FL2978727,66.31586578671978,0.11937592551048155
http://media.getty.edu/iiif/research/archives/2012m1_ref79_8u9_FL2978728,66.21182481985609,0.12035088101494493
http://media.getty.edu/iiif/research/archives/2012m1_ref79_8u9_FL2978729,66.21182481985609,0.12132583651992292
http://media.getty.edu/iiif/research/archives/2012m1_ref79_8u9_FL2978730,66.2118248230446,0.12230079202438629
http://media.getty.edu/iiif/research/archives/2012m1_ref79_8u9_FL2978731,65.37974364421112,0.123275375823671
http://media.getty.edu/iiif/research/archives/2012m1_ref79_8u9_FL2978732,63.09196539514011,0.12424824155990476
http://media.getty.edu/iiif/research/archives/2012m1_ref79_8u9_FL2978733,63.09196539514011,0.12522021314015339
http://media.getty.edu/iiif/research/archives/2012m1_ref79_8u9_FL2978734,64.07347717235093,0.12620579154347122
http://media.getty.edu/iiif/research/archives/2012m1_ref79_8u9_FL2978735,64.07347716883412,0.12719136995523092
http://media.getty.edu/iiif/research/archives/2012m1_ref79_8u9_FL2978736,64.07347717576978,0.12817694835857857
http://media.getty.edu/iiif/research/archives/2012m1_ref79_8u9_FL2978737,61.70314515371389,0.12916053569910876
http://media.getty.edu/iiif/research/archives/2012m1_ref79_8u9_FL2978738,57.742028654011484,0.13014079741548487
http://media.getty.edu/iiif/research/archives/2012m1_ref79_8u9_FL2978739,57.74202865818491,0.1311555091524686
http://media.getty.edu/iiif/research/archives/2012m1_ref79_8u9_FL2978740,57.742028661491446,0.1321172677975469
http://media.getty.edu/iiif/research/archives/2012m1_ref79_8u9_FL2978741,57.74202865818491,0.1331028663490948
http://media.getty.edu/iiif/research/archives/2012m1_ref79_8u9_FL2978742,57.742028661491446,0.13408846489253035
http://media.getty.edu/iiif/research/archives/2012m1_ref79_8u9_FL2978743,57.74202865818491,0.13507406343600178
http://media.getty.edu/iiif/research/archives/2012m1_ref79_8u9_FL2978744,57.742028654011484,0.13605966197904854
http://media.getty.edu/iiif/research/archives/2012m1_ref79_8u9_FL2978745,57.742028661491446,0.13704526052252
http://media.getty.edu/iiif/research/archives/2012m1_ref79_8u9_FL2978746,56.94226472912246,0.13803085906560264
http://media.getty.edu/iiif/research/archives/2012m1_ref79_8u9_FL2978747,56.94226472912246,0.13896973759907447
http://media.getty.edu/iiif/research/archives/2012m1_ref79_8u9_FL2978748,56.52964252346431,0.13990861621243558
http://media.getty.edu/iiif/research/archives/2012m1_ref79_8u9_FL2978749,56.5296425223609,0.1408474948258338
http://media.getty.edu/iiif/research/archives/2012m1_ref79_8u9_FL2978750,56.52964252346431,0.14178637343911984
http://media.getty.edu/iiif/research/archives/2012m1_ref79_8u9_FL2978751,56.52964252688813,0.142725252052481
http://media.getty.edu/iiif/research/archives/2012m1_ref79_8u9_FL2978752,56.52964252346431,0.1436641306658792
http://media.getty.edu/iiif/research/archives/2012m1_ref79_8u9_FL2978753,56.60945712157084,0.1446030093553313
http://media.getty.edu/iiif/research/archives/2012m1_ref79_8u9_FL2978754,57.35300377709032,0.14554188797344675
http://media.getty.edu/iiif/research/archives/2012m1_ref79_8u9_FL2978755,57.35300378151871,0.1464807665836701
http://media.getty.edu/iiif/research/archives/2012m1_ref79_8u9_FL2978756,57.35300377806263,0.14741964520178558
http://media.getty.edu/iiif/research/archives/2012m1_ref79_8u9_FL2978757,57.35300378151871,0.14835852381197265
http://media.getty.edu/iiif/research/archives/2012m1_ref79_8u9_FL2978758,57.35300377806263,0.14929740242961642
http://media.getty.edu/iiif/research/archives/2012m1_ref79_8u9_FL2978759,57.35300378151871,0.15023628104773187
http://media.getty.edu/iiif/research/archives/2012m1_ref79_8u9_FL2978760,57.35300377806263,0.15117515965791897
http://media.getty.edu/iiif/research/archives/2012m1_ref79_8u9_FL2978761,57.35300378151871,0.15211403827607067
http://media.getty.edu/iiif/research/archives/2012m1_ref79_8u9_FL2978762,57.35300377806263,0.15305291688625777
http://media.getty.edu/iiif/research/archives/2012m1_ref79_8u9_FL2978763,57.35300377709032,0.15399179550386524
http://media.getty.edu/iiif/research/archives/2012m1_ref79_8u9_FL2978764,57.35300377806263,0.15493067411408865
http://media.getty.edu/iiif/research/archives/2012m1_ref79_8u9_FL2978765,57.35300378151871,0.1558695527322041
http://media.getty.edu/iiif/research/archives/2012m1_ref79_8u9_FL2978766,57.35300377806263,0.15680843134239114
http://media.getty.edu/iiif/research/archives/2012m1_ref79_8u9_FL2978767,57.35300380896052,0.1577473099605429
http://media.getty.edu/iiif/research/archives/2012m1_ref79_8u9_FL2978768,57.35300380896052,0.15885848956611298
http://media.getty.edu/iiif/research/archives/2012m1_ref79_8u9_FL2978769,59.73201369177459,0.15996966983957
http://media.getty.edu/iiif/research/archives/2012m1_ref79_8u9_FL2978770,66.88331122225371,0.16108084980924567
http://media.getty.edu/iiif/research/archives/2012m1_ref79_8u9_FL2978771,74.75600299807094,0.1621920292374469
http://media.getty.edu/iiif/research/archives/2012m1_ref79_8u9_FL2978772,74.7858361000398,0.1633032088543146
http://media.getty.edu/iiif/research/archives/2012m1_ref79_8u9_FL2978773,74.78583609821952,0.16441438846236103
http://media.getty.edu/iiif/research/archives/2012m1_ref79_8u9_FL2978774,74.78583610156616,0.16552556807014268
http://media.getty.edu/iiif/research/archives/2012m1_ref79_8u9_FL2978775,74.7858361000398,0.16663674767790676
http://media.getty.edu/iiif/research/archives/2012m1_ref79_8u9_FL2978776,76.07118014686627,0.16774792745819025
http://media.getty.edu/iiif/research/archives/2012m1_ref79_8u9_FL2978777,76.46130256574911,0.168859107072522
http://media.getty.edu/iiif/research/archives/2012m1_ref79_8u9_FL2978778,76.46130256412536,0.16997028667755293
http://media.getty.edu/iiif/research/archives/2012m1_ref79_8u9_FL2978779,76.28549051410764,0.1710814662610896
http://media.getty.edu/iiif/research/archives/2012m1_ref79_8u9_FL2978780,76.46961930802821,0.17219264595989905
http://media.getty.edu/iiif/research/archives/2012m1_ref79_8u9_FL2978781,77.74545766346432,0.17330382556708362
http://media.getty.edu/iiif/research/archives/2012m1_ref79_8u9_FL2978782,77.74545767363088,0.17441500517445374
http://media.getty.edu/iiif/research/archives/2012m1_ref79_8u9_FL2978790,74.78583612436873,0.16269840491311538
http://media.getty.edu/iiif/research/archives/2012m1_ref79_8u9_FL2978791,74.78583612436873,0.16355389006921434
http://media.getty.edu/iiif/research/archives/2012m1_ref79_8u9_FL2978792,74.78583610027127,0.16440937521649204
http://media.getty.edu/iiif/research/archives/2012m1_ref79_8u9_FL2978793,74.78583609592482,0.16526486037283808
http://media.getty.edu/iiif/research/archives/2012m1_ref79_8u9_FL2978794,74.78583610027127,0.16612034551998597
http://media.getty.edu/iiif/research/archives/2012m1_ref79_8u9_FL2978795,74.94315814127486,0.16697583085175877
http://media.getty.edu/iiif/research/archives/2012m1_ref79_8u9_FL2978796,76.46130256675409,0.1678313160024033
http://media.getty.edu/iiif/research/archives/2012m1_ref79_8u9_FL2978797,76.46130256464502,0.16868680115291704
http://media.getty.edu/iiif/research/archives/2012m1_ref79_8u9_FL2978798,76.46130256675409,0.16954228630378199
http://media.getty.edu/iiif/research/archives/2012m1_ref79_8u9_FL2978799,76.44136152422801,0.17039777142802762
http://media.getty.edu/iiif/research/archives/2012m1_ref79_8u9_FL2978800,76.20051460781802,0.17125325658396853
http://media.getty.edu/iiif/research/archives/2012m1_ref79_8u9_FL2978801,76.39853409846545,0.17210874182286368
http://media.getty.edu/iiif/research/archives/2012m1_ref79_8u9_FL2978802,77.74545765827274,0.1729642269742815
http://media.getty.edu/iiif/research/archives/2012m1_ref79_8u9_FL2978803,77.74545766267421,0.1738197121259134
http://media.getty.edu/iiif/research/archives/2012m1_ref79_8u9_FL2978804,77.74545765827274,0.17467519727733125
http://media.getty.edu/iiif/research/archives/2012m1_ref79_8u9_FL2978805,77.72298383886407,0.1755306824286176
http://media.getty.edu/iiif/research/archives/2012m1_ref79_8u9_FL2978806,77.72298383886407,0.1765804910182206
http://media.getty.edu/iiif/research/archives/2012m1_ref79_8u9_FL2978807,77.44012503974415,0.17763029958395243
http://media.getty.edu/iiif/research/archives/2012m1_ref79_8u9_FL2978808,77.44012504332686,0.17868010814949414
http://media.getty.edu/iiif/research/archives/2012m1_ref79_8u9_FL2978809,77.44012503974415,0.17972991672441663
http://media.getty.edu/iiif/research/archives/2012m1_ref79_8u9_FL2978810,77.44012504332686,0.18077972528995834
http://media.getty.edu/iiif/research/archives/2012m1_ref79_8u9_FL2978811,77.44012503974415,0.1818295338553541
http://media.getty.edu/iiif/research/archives/2012m1_ref79_8u9_FL2978812,77.44012503814788,0.18287934242110054
http://media.getty.edu/iiif/research/archives/2012m1_ref79_8u9_FL2978813,77.44012504332686,0.18392915098662765
http://media.getty.edu/iiif/research/archives/2012m1_ref79_8u9_FL2978814,77.22104730479639,0.18497895957252003
http://media.getty.edu/iiif/research/archives/2012m1_ref79_8u9_FL2978815,77.18510588987863,0.1860287681392029
http://media.getty.edu/iiif/research/archives/2012m1_ref79_8u9_FL2978816,77.18510589182956,0.18707857670609462
http://media.getty.edu/iiif/research/archives/2012m1_ref79_8u9_FL2978817,77.1851058934579,0.18812838527277753
http://media.getty.edu/iiif/research/archives/2012m1_ref79_8u9_FL2978818,77.1851058934579,0.1891781938303566
http://media.getty.edu/iiif/research/archives/2012m1_ref79_8u9_FL2978819,77.1851058934579,0.19022800239703952
http://media.getty.edu/iiif/research/archives/2012m1_ref79_8u9_FL2978820,77.07048428312139,0.19127781092840695
http://media.getty.edu/iiif/research/archives/2012m1_ref79_8u9_FL2978821,76.89531312693775,0.1923276194974764
http://media.getty.edu/iiif/research/archives/2012m1_ref79_8u9_FL2978822,76.89531312884856,0.1933774280667593
http://media.getty.edu/iiif/research/archives/2012m1_ref79_8u9_FL2978823,76.89531312693775,0.1944272366265422
http://media.getty.edu/iiif/research/archives/2012m1_ref79_8u9_FL2978824,71.34801785116106,0.19547704519539819
http://media.getty.edu/iiif/research/archives/2012m1_ref79_8u9_FL2978825,71.34801785116106,0.19649324893180123
http://media.getty.edu/iiif/research/archives/2012m1_ref79_8u9_FL2978826,70.10232980726408,0.19750945333074119
http://media.getty.edu/iiif/research/archives/2012m1_ref79_8u9_FL2978827,70.10232980468291,0.19852565772114777
http://media.getty.edu/iiif/research/archives/2012m1_ref79_8u9_FL2978828,70.10232981082959,0.19954186212006483
http://media.getty.edu/iiif/research/archives/2012m1_ref79_8u9_FL2978829,61.39637318161567,0.20055806493345749
http://media.getty.edu/iiif/research/archives/2012m1_ref79_8u9_FL2978830,54.19224309499856,0.2015742693328464
http://media.getty.edu/iiif/research/archives/2012m1_ref79_8u9_FL2978831,54.19224309499856,0.2025904737246384
http://media.getty.edu/iiif/research/archives/2012m1_ref79_8u9_FL2978832,54.19224309499856,0.20360667811628197
http://media.getty.edu/iiif/research/archives/2012m1_ref79_8u9_FL2978833,54.19224309499856,0.20462288250807398
http://media.getty.edu/iiif/research/archives/2012m1_ref79_8u9_FL2978834,49.37883067718176,0.20563908688206545
http://media.getty.edu/iiif/research/archives/2012m1_ref79_8u9_FL2978835,47.53591809262328,0.20665529127673105
http://media.getty.edu/iiif/research/archives/2012m1_ref79_8u9_FL2978836,47.53591810054104,0.20767149567139664
http://media.getty.edu/iiif/research/archives/2012m1_ref79_8u9_FL2978837,53.767264489329655,0.20868770035002174
http://media.getty.edu/iiif/research/archives/2012m1_ref79_8u9_FL2978838,55.29488363166691,0.20970390550836643
http://media.getty.edu/iiif/research/archives/2012m1_ref79_8u9_FL2978839,61.62850940569376,0.21072010989915058
http://media.getty.edu/iiif/research/archives/2012m1_ref79_8u9_FL2978840,61.62850940569376,0.21184466505450247
http://media.getty.edu/iiif/research/archives/2012m1_ref79_8u9_FL2978841,64.92133211940009,0.21296921992037485
http://media.getty.edu/iiif/research/archives/2012m1_ref79_8u9_FL2978842,64.9213321164952,0.2140937747943479
http://media.getty.edu/iiif/research/archives/2012m1_ref79_8u9_FL2978843,64.92133211940009,0.21521832965982118
http://media.getty.edu/iiif/research/archives/2012m1_ref79_8u9_FL2978844,68.71863146285973,0.21634288473794433
http://media.getty.edu/iiif/research/archives/2012m1_ref79_8u9_FL2978845,69.79776030222966,0.21746743960165618
http://media.getty.edu/iiif/research/archives/2012m1_ref79_8u9_FL2978846,69.79776029901365,0.21859199447452995
http://media.getty.edu/iiif/research/archives/2012m1_ref79_8u9_FL2978847,69.79776029986277,0.2197165493385902
http://media.getty.edu/iiif/research/archives/2012m1_ref79_8u9_FL2978848,67.50728486323841,0.22084110421113878
http://media.getty.edu/iiif/research/archives/2012m1_ref79_8u9_FL2978849,67.50728486323841,0.22207468681730763
http://media.getty.edu/iiif/research/archives/2012m1_ref79_8u9_FL2978850,65.68408026630179,0.22330826946996676
http://media.getty.edu/iiif/research/archives/2012m1_ref79_8u9_FL2978851,65.68408026887438,0.2245418521227485
http://media.getty.edu/iiif/research/archives/2012m1_ref79_8u9_FL2978852,65.03349846135666,0.22577543471003705
http://media.getty.edu/iiif/research/archives/2012m1_ref79_8u9_FL2978853,61.24287910436757,0.22700901736287654
http://media.getty.edu/iiif/research/archives/2012m1_ref79_8u9_FL2978854,61.0858517376138,0.22824260001089589
http://media.getty.edu/iiif/research/archives/2012m1_ref79_8u9_FL2978855,61.02206281741219,0.22947618266193115
http://media.getty.edu/iiif/research/archives/2012m1_ref79_8u9_FL2978856,61.022062820145194,0.23070976532177745
http://media.getty.edu/iiif/research/archives/2012m1_ref79_8u9_FL2978857,58.85241315638633,0.23194334719227616
http://media.getty.edu/iiif/research/archives/2012m1_ref79_8u9_FL2978858,55.14411207556417,0.233176929849465
http://media.getty.edu/iiif/research/archives/2012m1_ref79_8u9_FL2978859,55.14411207913486,0.23441051249892716
http://media.getty.edu/iiif/research/archives/2012m1_ref79_8u9_FL2978860,55.14411207812759,0.23564409515557788
http://media.getty.edu/iiif/research/archives/2012m1_ref79_8u9_FL2978861,55.14411207913486,0.23687767780492966
http://media.getty.edu/iiif/research/archives/2012m1_ref79_8u9_FL2978862,53.070930425026496,0.23811126020427353
http://media.getty.edu/iiif/research/archives/2012m1_ref79_8u9_FL2978863,54.33240150389767,0.2393448428543199
http://media.getty.edu/iiif/research/archives/2012m1_ref79_8u9_FL2978864,54.33240150389767,0.2405932792691127
http://media.getty.edu/iiif/research/archives/2012m1_ref79_8u9_FL2978865,55.01650110226484,0.2418417156067459
http://media.getty.edu/iiif/research/archives/2012m1_ref79_8u9_FL2978866,55.11395215152936,0.24309015193748473
http://media.getty.edu/iiif/research/archives/2012m1_ref79_8u9_FL2978867,55.72645131477341,0.24433858850969586
http://media.getty.edu/iiif/research/archives/2012m1_ref79_8u9_FL2978868,57.553499257562066,0.2455870247860444
http://media.getty.edu/iiif/research/archives/2012m1_ref79_8u9_FL2978869,74.2464713563129,0.24683546004386422
http://media.getty.edu/iiif/research/archives/2012m1_ref79_8u9_FL2978870,74.2464713563129,0.24775825214007
http://media.getty.edu/iiif/research/archives/2012m1_ref79_8u9_FL2978871,79.09873235025027,0.24868104376693953
http://media.getty.edu/iiif/research/archives/2012m1_ref79_8u9_FL2978872,84.60453763246717,0.24960383571232822
http://media.getty.edu/iiif/research/archives/2012m1_ref79_8u9_FL2978873,87.43612219728315,0.250526627714564
http://media.getty.edu/iiif/research/archives/2012m1_ref79_8u9_FL2978874,89.1352237162753,0.2514494193385303
http://media.getty.edu/iiif/research/archives/2012m1_ref79_8u9_FL2978875,89.1352237162753,0.2523722109623621
http://media.getty.edu/iiif/research/archives/2012m1_ref79_8u9_FL2978876,89.07031388625293,0.25329500258472165
http://media.getty.edu/iiif/research/archives/2012m1_ref79_8u9_FL2978877,89.0546108981539,0.2542177942048872
http://media.getty.edu/iiif/research/archives/2012m1_ref79_8u9_FL2978878,89.0546108982914,0.2551405858347532
http://media.getty.edu/iiif/research/archives/2012m1_ref79_8u9_FL2978879,89.14575234525921,0.25606337746349217
http://media.getty.edu/iiif/research/archives/2012m1_ref79_8u9_FL2978880,89.18542294853815,0.25698616909012373
http://media.getty.edu/iiif/research/archives/2012m1_ref79_8u9_FL2978881,89.18542294853815,0.25790896071675523
http://media.getty.edu/iiif/research/archives/2012m1_ref79_8u9_FL2978882,89.18542294853815,0.25883175234323885
http://media.getty.edu/iiif/research/archives/2012m1_ref79_8u9_FL2978883,89.13847426991296,0.25975454396061
http://media.getty.edu/iiif/research/archives/2012m1_ref79_8u9_FL2978884,89.13847426991296,0.2607956432491638
http://media.getty.edu/iiif/research/archives/2012m1_ref79_8u9_FL2978885,89.13847426991296,0.2618367425471185
http://media.getty.edu/iiif/research/archives/2012m1_ref79_8u9_FL2978886,89.10697520396529,0.26287784184063423
http://media.getty.edu/iiif/research/archives/2012m1_ref79_8u9_FL2978887,89.10374924243995,0.26391894113377734
http://media.getty.edu/iiif/research/archives/2012m1_ref79_8u9_FL2978888,89.10374924243995,0.26496004042678595
http://media.getty.edu/iiif/research/archives/2012m1_ref79_8u9_FL2978889,89.10374924243995,0.26600113971991435
http://media.getty.edu/iiif/research/archives/2012m1_ref79_8u9_FL2978890,89.1037492387392,0.26704223901292407
http://media.getty.edu/iiif/research/archives/2012m1_ref79_8u9_FL2978891,89.10374924243995,0.2680833383060672
http://media.getty.edu/iiif/research/archives/2012m1_ref79_8u9_FL2978892,89.13207587612037,0.2691244375992103
http://media.getty.edu/iiif/research/archives/2012m1_ref79_8u9_FL2978893,89.13207587612037,0.27030942943810254
http://media.getty.edu/iiif/research/archives/2012m1_ref79_8u9_FL2978894,89.16968450902961,0.271494421282067
http://media.getty.edu/iiif/research/archives/2012m1_ref79_8u9_FL2978895,89.14659291431478,0.2726794131312017
http://media.getty.edu/iiif/research/archives/2012m1_ref79_8u9_FL2978896,89.06692648009664,0.2738644049745761
http://media.getty.edu/iiif/research/archives/2012m1_ref79_8u9_FL2978897,89.0669264768451,0.27504939680825247
http://media.getty.edu/iiif/research/archives/2012m1_ref79_8u9_FL2978898,89.10326972447045,0.27623438865327066
http://media.getty.edu/iiif/research/archives/2012m1_ref79_8u9_FL2978899,89.10326972447045,0.27708814965152795
http://media.getty.edu/iiif/research/archives/2012m1_ref79_8u9_FL2978900,89.10326971995784,0.2779419106402359
http://media.getty.edu/iiif/research/archives/2012m1_ref79_8u9_FL2978901,89.10326972447045,0.27879567163837343
http://media.getty.edu/iiif/research/archives/2012m1_ref79_8u9_FL2978902,89.10326971995784,0.2796494326366307
http://media.getty.edu/iiif/research/archives/2012m1_ref79_8u9_FL2978903,89.10326971995784,0.2805031936347535
http://media.getty.edu/iiif/research/archives/2012m1_ref79_8u9_FL2978904,89.29392286022336,0.28135695462655297
http://media.getty.edu/iiif/research/archives/2012m1_ref79_8u9_FL2978905,89.37724430729922,0.2822107156263939
http://media.getty.edu/iiif/research/archives/2012m1_ref79_8u9_FL2978906,89.09777885104067,0.28306447662887874
http://media.getty.edu/iiif/research/archives/2012m1_ref79_8u9_FL2978907,89.09777885104067,0.28428328609515663
http://media.getty.edu/iiif/research/archives/2012m1_ref79_8u9_FL2978908,89.0977788383949,0.2855020955708494
http://media.getty.edu/iiif/research/archives/2012m1_ref79_8u9_FL2978909,89.09777884155649,0.28672090503699277
http://media.getty.edu/iiif/research/archives/2012m1_ref79_8u9_FL2978910,89.0977788383949,0.28793971450313616
http://media.getty.edu/iiif/research/archives/2012m1_ref79_8u9_FL2978911,89.0977788383949,0.28915852396941405
http://media.getty.edu/iiif/research/archives/2012m1_ref79_8u9_FL2978912,89.0977788383949,0.2903773334451068
http://media.getty.edu/iiif/research/archives/2012m1_ref79_8u9_FL2978913,89.09777884155649,0.2915961429112502
http://media.getty.edu/iiif/research/archives/2012m1_ref79_8u9_FL2978914,89.0977788383949,0.2928149523773936
http://media.getty.edu/iiif/research/archives/2012m1_ref79_8u9_FL2978915,89.0977788383949,0.29403376185308633
http://media.getty.edu/iiif/research/archives/2012m1_ref79_8u9_FL2978916,89.18007564983027,0.29525257132331756
http://media.getty.edu/iiif/research/archives/2012m1_ref79_8u9_FL2978917,89.11038545080737,0.29647138079525065
http://media.getty.edu/iiif/research/archives/2012m1_ref79_8u9_FL2978918,89.11038545080737,0.2974974866110637
http://media.getty.edu/iiif/research/archives/2012m1_ref79_8u9_FL2978919,89.11038547709295,0.29852359242687665
http://media.getty.edu/iiif/research/archives/2012m1_ref79_8u9_FL2978920,89.11038547720982,0.29954969823326005
http://media.getty.edu/iiif/research/archives/2012m1_ref79_8u9_FL2978921,89.11038547709295,0.300575804049073
http://media.getty.edu/iiif/research/archives/2012m1_ref79_8u9_FL2978922,89.11038547709295,0.3016019098648714
http://media.getty.edu/iiif/research/archives/2012m1_ref79_8u9_FL2978923,89.12265872398004,0.3026280156766135
http://media.getty.edu/iiif/research/archives/2012m1_ref79_8u9_FL2978924,89.13194855298536,0.3036541214948525
http://media.getty.edu/iiif/research/archives/2012m1_ref79_8u9_FL2978925,89.1319485492302,0.3046802273035277
http://media.getty.edu/iiif/research/archives/2012m1_ref79_8u9_FL2978926,89.13194855298536,0.3057063331217523
http://media.getty.edu/iiif/research/archives/2012m1_ref79_8u9_FL2978927,89.13194854934422,0.30673243893056207
http://media.getty.edu/iiif/research/archives/2012m1_ref79_8u9_FL2978928,89.13194855298536,0.307758544748801
http://media.getty.edu/iiif/research/archives/2012m1_ref79_8u9_FL2978929,89.08253034145567,0.30878465056425275
http://media.getty.edu/iiif/research/archives/2012m1_ref79_8u9_FL2978930,89.08253034145567,0.31017517882007234
http://media.getty.edu/iiif/research/archives/2012m1_ref79_8u9_FL2978931,89.08253035531038,0.31156570708529163
http://media.getty.edu/iiif/research/archives/2012m1_ref79_8u9_FL2978932,89.08253035253955,0.3129562353411101
http://media.getty.edu/iiif/research/archives/2012m1_ref79_8u9_FL2978933,89.23299782158753,0.31434676361672764
http://media.getty.edu/iiif/research/archives/2012m1_ref79_8u9_FL2978934,89.36742246061763,0.3157372918797371
http://media.getty.edu/iiif/research/archives/2012m1_ref79_8u9_FL2978935,89.36742246055631,0.3171278201331868
http://media.getty.edu/iiif/research/archives/2012m1_ref79_8u9_FL2978936,89.36742246338902,0.3185183483961969
http://media.getty.edu/iiif/research/archives/2012m1_ref79_8u9_FL2978937,90.21025878026512,0.31990887664471523
http://media.getty.edu/iiif/research/archives/2012m1_ref79_8u9_FL2978938,90.21025878026512,0.32115289696176064
http://media.getty.edu/iiif/research/archives/2012m1_ref79_8u9_FL2978939,90.21025879577623,0.3223969172788058
http://media.getty.edu/iiif/research/archives/2012m1_ref79_8u9_FL2978940,90.2102587957533,0.3236409375957165
http://media.getty.edu/iiif/research/archives/2012m1_ref79_8u9_FL2978941,90.2102587988507,0.32488495792231237
http://media.getty.edu/iiif/research/archives/2012m1_ref79_8u9_FL2978942,90.21025879887364,0.3261289782393575
http://media.getty.edu/iiif/research/archives/2012m1_ref79_8u9_FL2978943,90.2102587957533,0.3273729985562684
http://media.getty.edu/iiif/research/archives/2012m1_ref79_8u9_FL2978944,90.21025879577623,0.32861701887331357
http://media.getty.edu/iiif/research/archives/2012m1_ref79_8u9_FL2978945,90.35902934185933,0.32986103919035875
http://media.getty.edu/iiif/research/archives/2012m1_ref79_8u9_FL2978946,90.35902934185933,0.33115260885540854
http://media.getty.edu/iiif/research/archives/2012m1_ref79_8u9_FL2978947,90.36761223780911,0.3324441785240899
http://media.getty.edu/iiif/research/archives/2012m1_ref79_8u9_FL2978948,90.36761223777073,0.33373574818336116
http://media.getty.edu/iiif/research/archives/2012m1_ref79_8u9_FL2978949,90.3676122407547,0.3350273178520426
http://media.getty.edu/iiif/research/archives/2012m1_ref79_8u9_FL2978950,90.36761223780911,0.3363188875113142
http://media.getty.edu/iiif/research/archives/2012m1_ref79_8u9_FL2978951,90.36761223777073,0.33761045717057986
http://media.getty.edu/iiif/research/archives/2012m1_ref79_8u9_FL2978952,90.3676122407925,0.33890202683926685
http://media.getty.edu/iiif/research/archives/2012m1_ref79_8u9_FL2978953,90.41748389449425,0.3401935964985324
http://media.getty.edu/iiif/research/archives/2012m1_ref79_8u9_FL2978954,90.41748389449425,0.3413305492821504
http://media.getty.edu/iiif/research/archives/2012m1_ref79_8u9_FL2978955,90.4205119331792,0.34246750206414056
http://media.getty.edu/iiif/research/archives/2012m1_ref79_8u9_FL2978956,90.4205119331792,0.343604454836715
http://media.getty.edu/iiif/research/archives/2012m1_ref79_8u9_FL2978957,90.42051192974031,0.34474140761884653
http://media.getty.edu/iiif/research/archives/2012m1_ref79_8u9_FL2978958,90.4205119331792,0.3458783604009711
http://media.getty.edu/iiif/research/archives/2012m1_ref79_8u9_FL2978959,90.42051193312935,0.3470153131829687
http://media.getty.edu/iiif/research/archives/2012m1_ref79_8u9_FL2978960,90.4205119331792,0.34815226596509324
http://media.getty.edu/iiif/research/archives/2012m1_ref79_8u9_FL2978961,90.42051192974031,0.3492892187470834
http://media.getty.edu/iiif/research/archives/2012m1_ref79_8u9_FL2978962,90.35715783158052,0.35042617152921496
http://media.getty.edu/iiif/research/archives/2012m1_ref79_8u9_FL2978963,90.35715783158052,0.351695844990263
http://media.getty.edu/iiif/research/archives/2012m1_ref79_8u9_FL2978964,90.34865155577438,0.3529655184678703
http://media.getty.edu/iiif/research/archives/2012m1_ref79_8u9_FL2978965,90.34865155581161,0.35423519193592673
http://media.getty.edu/iiif/research/archives/2012m1_ref79_8u9_FL2978966,90.34865155581161,0.3555048654039836
http://media.getty.edu/iiif/research/archives/2012m1_ref79_8u9_FL2978967,90.34865155577438,0.3567745388720458
http://media.getty.edu/iiif/research/archives/2012m1_ref79_8u9_FL2978968,90.34865155581161,0.3580442123401027
http://media.getty.edu/iiif/research/archives/2012m1_ref79_8u9_FL2978969,90.34865155577438,0.35931388580815915
http://media.getty.edu/iiif/research/archives/2012m1_ref79_8u9_FL2978970,90.4205119343893,0.3605835592824316
http://media.getty.edu/iiif/research/archives/2012m1_ref79_8u9_FL2978971,90.4205119343893,0.3617345289223246
http://media.getty.edu/iiif/research/archives/2012m1_ref79_8u9_FL2978972,90.42051193104093,0.3628854985623453
http://media.getty.edu/iiif/research/archives/2012m1_ref79_8u9_FL2978973,90.42051193434001,0.36403646820223834
http://media.getty.edu/iiif/research/archives/2012m1_ref79_8u9_FL2978974,90.42051193104093,0.36518743784225904
http://media.getty.edu/iiif/research/archives/2012m1_ref79_8u9_FL2978975,90.42051193104093,0.36633840748228713
http://media.getty.edu/iiif/research/archives/2012m1_ref79_8u9_FL2978976,90.42051193104093,0.3674893771221733
http://media.getty.edu/iiif/research/archives/2012m1_ref79_8u9_FL2978977,90.42051193099164,0.36864034676220087
http://media.getty.edu/iiif/research/archives/2012m1_ref79_8u9_FL2978978,90.42051193104093,0.369791316402087
http://media.getty.edu/iiif/research/archives/2012m1_ref79_8u9_FL2978979,90.36794949950992,0.3709422860422738
http://media.getty.edu/iiif/research/archives/2012m1_ref79_8u9_FL2978980,90.36794949950992,0.3720649490785623
http://media.getty.edu/iiif/research/archives/2012m1_ref79_8u9_FL2978981,90.36794948921272,0.3731876121147107
http://media.getty.edu/iiif/research/archives/2012m1_ref79_8u9_FL2978982,90.36794948925686,0.3743102751602805
http://media.getty.edu/iiif/research/archives/2012m1_ref79_8u9_FL2978983,90.36794948921272,0.3754329381965694
http://media.getty.edu/iiif/research/archives/2012m1_ref79_8u9_FL2978984,90.36794948921272,0.3765556012327173
http://media.getty.edu/iiif/research/archives/2012m1_ref79_8u9_FL2978985,90.36794948921272,0.37767826426887174
http://media.getty.edu/iiif/research/archives/2012m1_ref79_8u9_FL2978986,90.36794948921272,0.3788009273144355
http://media.getty.edu/iiif/research/archives/2012m1_ref79_8u9_FL2978987,90.36794948925686,0.3799235903507244
http://media.getty.edu/iiif/research/archives/2012m1_ref79_8u9_FL2978988,90.36761225027152,0.38104625338682196
http://media.getty.edu/iiif/research/archives/2012m1_ref79_8u9_FL2978989,90.36761225027152,0.3822254651330129
http://media.getty.edu/iiif/research/archives/2012m1_ref79_8u9_FL2978990,90.36761223720062,0.38340467687906366
http://media.getty.edu/iiif/research/archives/2012m1_ref79_8u9_FL2978991,90.36761224042638,0.38458388862511445
http://media.getty.edu/iiif/research/archives/2012m1_ref79_8u9_FL2978992,90.36761224046822,0.38576310037117084
http://media.getty.edu/iiif/research/archives/2012m1_ref79_8u9_FL2978993,90.36761224046822,0.38694231211722163
http://media.getty.edu/iiif/research/archives/2012m1_ref79_8u9_FL2978994,90.36761223720062,0.38812152387268783
http://media.getty.edu/iiif/research/archives/2012m1_ref79_8u9_FL2978995,90.36761224046822,0.3893007356188791
http://media.getty.edu/iiif/research/archives/2012m1_ref79_8u9_FL2978996,90.36761224042638,0.3904799473649299
http://media.getty.edu/iiif/research/archives/2012m1_ref79_8u9_FL2978997,90.42051193457777,0.3916591591076538
http://media.getty.edu/iiif/research/archives/2012m1_ref79_8u9_FL2978998,90.42051193457777,0.3928887210856416
http://media.getty.edu/iiif/research/archives/2012m1_ref79_8u9_FL2978999,90.42051193462419,0.3941182830730451
http://media.getty.edu/iiif/research/archives/2012m1_ref79_8u9_FL2979000,90.4205119314443,0.3953478450510323
http://media.getty.edu/iiif/research/archives/2012m1_ref79_8u9_FL2979001,90.42051193457777,0.39657740702902
http://media.getty.edu/iiif/research/archives/2012m1_ref79_8u9_FL2979002,90.4205119314443,0.39780696900700774
http://media.getty.edu/iiif/research/archives/2012m1_ref79_8u9_FL2979003,90.42051193149011,0.3990365309945458
http://media.getty.edu/iiif/research/archives/2012m1_ref79_8u9_FL2979004,90.42051193457777,0.40026609297253346
http://media.getty.edu/iiif/research/archives/2012m1_ref79_8u9_FL2979005,90.41157348079655,0.4014956549471743
http://media.getty.edu/iiif/research/archives/2012m1_ref79_8u9_FL2979006,90.3845296600263,0.402725216933598
http://media.getty.edu/iiif/research/archives/2012m1_ref79_8u9_FL2979007,90.3845296600263,0.40395477891073406
http://media.getty.edu/iiif/research/archives/2012m1_ref79_8u9_FL2979008,90.3845296600263,0.4051843408971577
http://media.getty.edu/iiif/research/archives/2012m1_ref79_8u9_FL2979009,90.38452965689224,0.4064139028743001
http://media.getty.edu/iiif/research/archives/2012m1_ref79_8u9_FL2979010,90.3845296600263,0.40764346485130853
http://media.getty.edu/iiif/research/archives/2012m1_ref79_8u9_FL2979011,90.3350592113718,0.40887302683781246
http://media.getty.edu/iiif/research/archives/2012m1_ref79_8u9_FL2979012,90.3350592113718,0.4101496636007072
http://media.getty.edu/iiif/research/archives/2012m1_ref79_8u9_FL2979013,90.335059217444,0.411426300354052
http://media.getty.edu/iiif/research/archives/2012m1_ref79_8u9_FL2979014,90.36763220735467,0.4127029371191046
http://media.getty.edu/iiif/research/archives/2012m1_ref79_8u9_FL2979015,90.36904983627494,0.41397957387844186
http://media.getty.edu/iiif/research/archives/2012m1_ref79_8u9_FL2979016,90.36904983627494,0.4152562106283568
http://media.getty.edu/iiif/research/archives/2012m1_ref79_8u9_FL2979017,90.36904983929325,0.4165328473878286
http://media.getty.edu/iiif/research/archives/2012m1_ref79_8u9_FL2979018,90.48451934294006,0.41780948415151675
http://media.getty.edu/iiif/research/archives/2012m1_ref79_8u9_FL2979019,90.48451934294006,0.41902292169811683
http://media.getty.edu/iiif/research/archives/2012m1_ref79_8u9_FL2979020,90.48451935564253,0.4202363592351667
http://media.getty.edu/iiif/research/archives/2012m1_ref79_8u9_FL2979021,90.48451935564253,0.4214497967817662
http://media.getty.edu/iiif/research/archives/2012m1_ref79_8u9_FL2979022,90.41281225684955,0.42266323431186376
http://media.getty.edu/iiif/research/archives/2012m1_ref79_8u9_FL2979023,90.37943671199726,0.42387667185280237
http://media.getty.edu/iiif/research/archives/2012m1_ref79_8u9_FL2979030,90.36904984940654,0.4128074056541728
http://media.getty.edu/iiif/research/archives/2012m1_ref79_8u9_FL2979031,90.36904984940654,0.4142977795259316
http://media.getty.edu/iiif/research/archives/2012m1_ref79_8u9_FL2979032,90.36904983906408,0.4157881533882746
http://media.getty.edu/iiif/research/archives/2012m1_ref79_8u9_FL2979033,90.47776225594484,0.41727852726016745
http://media.getty.edu/iiif/research/archives/2012m1_ref79_8u9_FL2979034,90.47776225594484,0.4186333195920383
http://media.getty.edu/iiif/research/archives/2012m1_ref79_8u9_FL2979035,90.48451935657816,0.4199881119203593
http://media.getty.edu/iiif/research/archives/2012m1_ref79_8u9_FL2979036,90.48451935378212,0.4213429042579528
http://media.getty.edu/iiif/research/archives/2012m1_ref79_8u9_FL2979037,90.4176209324845,0.42269769657587813
http://media.getty.edu/iiif/research/archives/2012m1_ref79_8u9_FL2979038,90.37943670196533,0.42405248890315395
http://media.getty.edu/iiif/research/archives/2012m1_ref79_8u9_FL2979039,90.3794366991584,0.42540728123984506
http://media.getty.edu/iiif/research/archives/2012m1_ref79_8u9_FL2979040,90.37724400528151,0.42676207356712087
http://media.getty.edu/iiif/research/archives/2012m1_ref79_8u9_FL2979041,90.37724400528151,0.42817893432756876
http://media.getty.edu/iiif/research/archives/2012m1_ref79_8u9_FL2979042,90.37447688812728,0.42959579509160944
http://media.getty.edu/iiif/research/archives/2012m1_ref79_8u9_FL2979043,90.37447689088265,0.43101265585551507
http://media.getty.edu/iiif/research/archives/2012m1_ref79_8u9_FL2979044,90.37447688812728,0.43242951661954965
http://media.getty.edu/iiif/research/archives/2012m1_ref79_8u9_FL2979045,90.36895098842612,0.43384637738060033
http://media.getty.edu/iiif/research/archives/2012m1_ref79_8u9_FL2979046,90.35884152572972,0.4352632381408434
http://media.getty.edu/iiif/research/archives/2012m1_ref79_8u9_FL2979047,90.35884152572972,0.4366800989010928
http://media.getty.edu/iiif/research/archives/2012m1_ref79_8u9_FL2979048,90.42971030432473,0.43809695966437073
http://media.getty.edu/iiif/research/archives/2012m1_ref79_8u9_FL2979049,90.42971030432473,0.43939186801234786
http://media.getty.edu/iiif/research/archives/2012m1_ref79_8u9_FL2979050,90.42971028642496,0.44068677636018994
http://media.getty.edu/iiif/research/archives/2012m1_ref79_8u9_FL2979051,90.42971028944558,0.44198168470802546
http://media.getty.edu/iiif/research/archives/2012m1_ref79_8u9_FL2979052,90.42971028944558,0.4432765930560026
http://media.getty.edu/iiif/research/archives/2012m1_ref79_8u9_FL2979053,90.42971028642496,0.44457150139442897
http://media.getty.edu/iiif/research/archives/2012m1_ref79_8u9_FL2979054,90.41865750632748,0.44586640974399167
http://media.getty.edu/iiif/research/archives/2012m1_ref79_8u9_FL2979055,90.39513704314376,0.44716131809003307
http://media.getty.edu/iiif/research/archives/2012m1_ref79_8u9_FL2979056,90.33182514366018,0.4484562264366983
http://media.getty.edu/iiif/research/archives/2012m1_ref79_8u9_FL2979057,90.33182514366018,0.44968603159902815
http://media.getty.edu/iiif/research/archives/2012m1_ref79_8u9_FL2979058,90.33182512799321,0.45091583676149255
http://media.getty.edu/iiif/research/archives/2012m1_ref79_8u9_FL2979059,90.33182512799321,0.4521456419238224
http://media.getty.edu/iiif/research/archives/2012m1_ref79_8u9_FL2979060,90.35030643065353,0.4533754471038994
http://media.getty.edu/iiif/research/archives/2012m1_ref79_8u9_FL2979061,90.41457872661593,0.4546052522689471
http://media.getty.edu/iiif/research/archives/2012m1_ref79_8u9_FL2979062,90.41457872343716,0.4558350574244446
http://media.getty.edu/iiif/research/archives/2012m1_ref79_8u9_FL2979063,90.41457872343716,0.4570648625894992
http://media.getty.edu/iiif/research/archives/2012m1_ref79_8u9_FL2979064,90.41457872348242,0.4582946677544124
http://media.getty.edu/iiif/research/archives/2012m1_ref79_8u9_FL2979065,90.31880596858818,0.4595244729194597
http://media.getty.edu/iiif/research/archives/2012m1_ref79_8u9_FL2979066,90.31880596858818,0.46087517836993
http://media.getty.edu/iiif/research/archives/2012m1_ref79_8u9_FL2979067,90.30970389906413,0.46222588381865803
http://media.getty.edu/iiif/research/archives/2012m1_ref79_8u9_FL2979068,90.34668918721263,0.4635765892665193
http://media.getty.edu/iiif/research/archives/2012m1_ref79_8u9_FL2979069,90.42519278427172,0.46492729473027516
http://media.getty.edu/iiif/research/archives/2012m1_ref79_8u9_FL2979070,90.42519278427172,0.4662780001844732
http://media.getty.edu/iiif/research/archives/2012m1_ref79_8u9_FL2979071,90.42519278427172,0.4676287056388057
http://media.getty.edu/iiif/research/archives/2012m1_ref79_8u9_FL2979072,90.42519278427172,0.46897941109301067
http://media.getty.edu/iiif/research/archives/2012m1_ref79_8u9_FL2979073,90.42519278427172,0.47033011655662443
http://media.getty.edu/iiif/research/archives/2012m1_ref79_8u9_FL2979074,90.42519278427172,0.47168082201095696
http://media.getty.edu/iiif/research/archives/2012m1_ref79_8u9_FL2979075,90.02990037587391,0.47303152746515553
http://media.getty.edu/iiif/research/archives/2012m1_ref79_8u9_FL2979076,90.02990037587391,0.4742673871082284
http://media.getty.edu/iiif/research/archives/2012m1_ref79_8u9_FL2979077,89.8936999754226,0.4755032466885362
http://media.getty.edu/iiif/research/archives/2012m1_ref79_8u9_FL2979078,89.89369997543407,0.47673910627826
http://media.getty.edu/iiif/research/archives/2012m1_ref79_8u9_FL2979079,89.8936999754226,0.47797496586798377
http://media.getty.edu/iiif/research/archives/2012m1_ref79_8u9_FL2979080,89.89369997230456,0.4792108254482915
http://media.getty.edu/iiif/research/archives/2012m1_ref79_8u9_FL2979081,89.8936999754226,0.4804466850380153
http://media.getty.edu/iiif/research/archives/2012m1_ref79_8u9_FL2979082,89.89369997543407,0.48168254461832316
http://media.getty.edu/iiif/research/archives/2012m1_ref79_8u9_FL2979083,89.8936999754226,0.48291840420804877
http://media.getty.edu/iiif/research/archives/2012m1_ref79_8u9_FL2979084,89.8936999754226,0.4841542637883565
http://media.getty.edu/iiif/research/archives/2012m1_ref79_8u9_FL2979085,89.89369997230456,0.48539012337821485
http://media.getty.edu/iiif/research/archives/2012m1_ref79_8u9_FL2979086,89.89369997543407,0.48662598295838816
http://media.getty.edu/iiif/research/archives/2012m1_ref79_8u9_FL2979087,89.88807277798306,0.48786184254824644
http://media.getty.edu/iiif/research/archives/2012m1_ref79_8u9_FL2979088,89.88807277798306,0.48912533553774
http://media.getty.edu/iiif/research/archives/2012m1_ref79_8u9_FL2979089,89.87861081892109,0.4903888285248726
http://media.getty.edu/iiif/research/archives/2012m1_ref79_8u9_FL2979090,89.87861081892109,0.49165232151200305
http://media.getty.edu/iiif/research/archives/2012m1_ref79_8u9_FL2979091,89.87861081892109,0.49291581449926813
http://media.getty.edu/iiif/research/archives/2012m1_ref79_8u9_FL2979092,89.87861081587124,0.4941793074958147
http://media.getty.edu/iiif/research/archives/2012m1_ref79_8u9_FL2979093,89.87861081892109,0.49544280048294514
http://media.getty.edu/iiif/research/archives/2012m1_ref79_8u9_FL2979094,89.87861081892109,0.4967062934702122
http://media.getty.edu/iiif/research/archives/2012m1_ref79_8u9_FL2979095,89.91512786506593,0.49796978644664647
http://media.getty.edu/iiif/research/archives/2012m1_ref79_8u9_FL2979096,89.88590062545099,0.4992332794378146
http://media.getty.edu/iiif/research/archives/2012m1_ref79_8u9_FL2979097,89.88590062545099,0.5003873069532372
http://media.getty.edu/iiif/research/archives/2012m1_ref79_8u9_FL2979098,89.87066437234768,0.5015413344833374
http://media.getty.edu/iiif/research/archives/2012m1_ref79_8u9_FL2979099,89.87066437570176,0.502695362003887
http://media.getty.edu/iiif/research/archives/2012m1_ref79_8u9_FL2979100,89.87066437570176,0.5038493895338505
http://media.getty.edu/iiif/research/archives/2012m1_ref79_8u9_FL2979101,89.87066437236258,0.5050034170544
http://media.getty.edu/iiif/research/archives/2012m1_ref79_8u9_FL2979102,89.87066437570176,0.5061574445845003
http://media.getty.edu/iiif/research/archives/2012m1_ref79_8u9_FL2979103,89.87066437568687,0.5073114721050477
http://media.getty.edu/iiif/research/archives/2012m1_ref79_8u9_FL2979104,89.89231374609525,0.5084654996337283
http://media.getty.edu/iiif/research/archives/2012m1_ref79_8u9_FL2979105,89.90586682327192,0.5096195271535708
http://media.getty.edu/iiif/research/archives/2012m1_ref79_8u9_FL2979106,89.90586681993273,0.5107735546828297
http://media.getty.edu/iiif/research/archives/2012m1_ref79_8u9_FL2979107,89.90586682327192,0.5119275822026722
http://media.getty.edu/iiif/research/archives/2012m1_ref79_8u9_FL2979108,89.90586681993273,0.5130816097319308
http://media.getty.edu/iiif/research/archives/2012m1_ref79_8u9_FL2979109,89.90586682327192,0.5142356372613225
http://media.getty.edu/iiif/research/archives/2012m1_ref79_8u9_FL2979110,89.90586681993273,0.5153896647810305
http://media.getty.edu/iiif/research/archives/2012m1_ref79_8u9_FL2979111,89.90586682327192,0.5165436923104239
http://media.getty.edu/iiif/research/archives/2012m1_ref79_8u9_FL2979112,89.90586681993273,0.5176977198302665
http://media.getty.edu/iiif/research/archives/2012m1_ref79_8u9_FL2979113,89.90586682327192,0.518851747359525
http://media.getty.edu/iiif/research/archives/2012m1_ref79_8u9_FL2979114,89.90586681993273,0.5200057748887837
http://media.getty.edu/iiif/research/archives/2012m1_ref79_8u9_FL2979115,89.90586682327192,0.5211598024086248
http://media.getty.edu/iiif/research/archives/2012m1_ref79_8u9_FL2979116,89.90586681993273,0.5223138299378833
http://media.getty.edu/iiif/research/archives/2012m1_ref79_8u9_FL2979117,89.90586682327192,0.5234678574577262
http://media.getty.edu/iiif/research/archives/2012m1_ref79_8u9_FL2979118,89.90824794839904,0.5246218849869847
http://media.getty.edu/iiif/research/archives/2012m1_ref79_8u9_FL2979119,89.90824794839904,0.5255912989467244
http://media.getty.edu/iiif/research/archives/2012m1_ref79_8u9_FL2979120,89.91005379543127,0.5265607128952956
http://media.getty.edu/iiif/research/archives/2012m1_ref79_8u9_FL2979121,89.91005379543127,0.5275301268534188
http://media.getty.edu/iiif/research/archives/2012m1_ref79_8u9_FL2979122,89.91005379146871,0.528499540811542
http://media.getty.edu/iiif/research/archives/2012m1_ref79_8u9_FL2979123,89.91005379543127,0.5294689547695293
http://media.getty.edu/iiif/research/archives/2012m1_ref79_8u9_FL2979124,89.91005379543127,0.5304383687276524
http://media.getty.edu/iiif/research/archives/2012m1_ref79_8u9_FL2979125,89.8982615296926,0.5314077826796672
http://media.getty.edu/iiif/research/archives/2012m1_ref79_8u9_FL2979126,89.87625121011303,0.5323771966440898
http://media.getty.edu/iiif/research/archives/2012m1_ref79_8u9_FL2979127,89.87625120613782,0.5333466105990965
http://media.getty.edu/iiif/research/archives/2012m1_ref79_8u9_FL2979128,89.8762512101302,0.5343160245541031
http://media.getty.edu/iiif/research/archives/2012m1_ref79_8u9_FL2979129,89.88161214726989,0.5352854385091097
http://media.getty.edu/iiif/research/archives/2012m1_ref79_8u9_FL2979130,89.88161214726989,0.5363656069749355
http://media.getty.edu/iiif/research/archives/2012m1_ref79_8u9_FL2979131,89.88259078124628,0.5374457754394607
http://media.getty.edu/iiif/research/archives/2012m1_ref79_8u9_FL2979132,89.88259078126062,0.5385259439039857
http://media.getty.edu/iiif/research/archives/2012m1_ref79_8u9_FL2979133,89.88259077767847,0.5396061123685109
http://media.getty.edu/iiif/research/archives/2012m1_ref79_8u9_FL2979134,89.88259078126062,0.540686280833036
http://media.getty.edu/iiif/research/archives/2012m1_ref79_8u9_FL2979135,89.88259078126062,0.541766449297561
http://media.getty.edu/iiif/research/archives/2012m1_ref79_8u9_FL2979136,89.88259077767847,0.5428466177620862
http://media.getty.edu/iiif/research/archives/2012m1_ref79_8u9_FL2979137,89.88259078126062,0.5439267862266114
http://media.getty.edu/iiif/research/archives/2012m1_ref79_8u9_FL2979138,89.9169734627555,0.5450069546867566
http://media.getty.edu/iiif/research/archives/2012m1_ref79_8u9_FL2979139,90.0000000000002,0.5460871231456604
http://media.getty.edu/iiif/research/archives/2012m1_ref79_8u9_FL2979140,89.89848725938432,0.5471672916141147
http://media.getty.edu/iiif/research/archives/2012m1_ref79_8u9_FL2979141,89.89848725938432,0.548242873831405
http://media.getty.edu/iiif/research/archives/2012m1_ref79_8u9_FL2979142,89.88831246081682,0.5493184560421864
http://media.getty.edu/iiif/research/archives/2012m1_ref79_8u9_FL2979143,89.88831246438578,0.5503940382623839
http://media.getty.edu/iiif/research/archives/2012m1_ref79_8u9_FL2979144,89.88831246080306,0.5514696204825795
http://media.getty.edu/iiif/research/archives/2012m1_ref79_8u9_FL2979145,89.88831246438578,0.5525452027027768
http://media.getty.edu/iiif/research/archives/2012m1_ref79_8u9_FL2979146,89.88831246081682,0.5536207849229724
http://media.getty.edu/iiif/research/archives/2012m1_ref79_8u9_FL2979147,89.88831246438578,0.5546963671431699
http://media.getty.edu/iiif/research/archives/2012m1_ref79_8u9_FL2979148,89.88831246080306,0.5557719493539514
http://media.getty.edu/iiif/research/archives/2012m1_ref79_8u9_FL2979149,89.88831246080306,0.556847531574147
http://media.getty.edu/iiif/research/archives/2012m1_ref79_8u9_FL2979150,89.88528556767906,0.5579231137928301
http://media.getty.edu/iiif/research/archives/2012m1_ref79_8u9_FL2979151,89.8848713282207,0.5589986960083929
http://media.getty.edu/iiif/research/archives/2012m1_ref79_8u9_FL2979152,89.884871324638,0.5600742782335062
http://media.getty.edu/iiif/research/archives/2012m1_ref79_8u9_FL2979153,89.8848713282207,0.561149860449069
http://media.getty.edu/iiif/research/archives/2012m1_ref79_8u9_FL2979154,89.88487132820639,0.5622254426644974
http://media.getty.edu/iiif/research/archives/2012m1_ref79_8u9_FL2979155,89.8848713282207,0.5633010248896105
http://media.getty.edu/iiif/research/archives/2012m1_ref79_8u9_FL2979156,89.8848713282207,0.5643766071051733
http://media.getty.edu/iiif/research/archives/2012m1_ref79_8u9_FL2979157,89.88487132820639,0.565452189320736
http://media.getty.edu/iiif/research/archives/2012m1_ref79_8u9_FL2979158,89.8848713282207,0.5665277715457149
http://media.getty.edu/iiif/research/archives/2012m1_ref79_8u9_FL2979159,89.884871324638,0.5676033537612777
http://media.getty.edu/iiif/research/archives/2012m1_ref79_8u9_FL2979160,89.8848713282207,0.5686789359768404
http://media.getty.edu/iiif/research/archives/2012m1_ref79_8u9_FL2979161,89.88487132820639,0.5697545182018192
http://media.getty.edu/iiif/research/archives/2012m1_ref79_8u9_FL2979162,89.89700356332581,0.5708301004173819
http://media.getty.edu/iiif/research/archives/2012m1_ref79_8u9_FL2979163,89.89700356332581,0.5719133158349631
http://media.getty.edu/iiif/research/archives/2012m1_ref79_8u9_FL2979164,89.90121427094192,0.5729965312543907
http://media.getty.edu/iiif/research/archives/2012m1_ref79_8u9_FL2979165,89.9012142673724,0.5740797466644038
http://media.getty.edu/iiif/research/archives/2012m1_ref79_8u9_FL2979166,89.90121427094192,0.5751629620839659
http://media.getty.edu/iiif/research/archives/2012m1_ref79_8u9_FL2979167,89.90121427092988,0.5762461775033952
http://media.getty.edu/iiif/research/archives/2012m1_ref79_8u9_FL2979168,89.91664831875565,0.577329392915371
http://media.getty.edu/iiif/research/archives/2012m1_ref79_8u9_FL2979169,89.92411159381,0.578412608337556
http://media.getty.edu/iiif/research/archives/2012m1_ref79_8u9_FL2979170,89.92411159736747,0.5794958237503239
http://media.getty.edu/iiif/research/archives/2012m1_ref79_8u9_FL2979171,89.92411159736747,0.5805790391630916
http://media.getty.edu/iiif/research/archives/2012m1_ref79_8u9_FL2979172,89.92411159736747,0.5816622545852754
http://media.getty.edu/iiif/research/archives/2012m1_ref79_8u9_FL2979173,89.92411159381,0.5827454699980446
http://media.getty.edu/iiif/research/archives/2012m1_ref79_8u9_FL2979174,90.00000000747444,0.583828685410145
http://media.getty.edu/iiif/research/archives/2012m1_ref79_8u9_FL2979175,90.00000000747444,0.5848598398809889
http://media.getty.edu/iiif/research/archives/2012m1_ref79_8u9_FL2979176,90.0000000000002,0.5858909943612488
http://media.getty.edu/iiif/research/archives/2012m1_ref79_8u9_FL2979177,89.87210808889921,0.5869221488261613
http://media.getty.edu/iiif/research/archives/2012m1_ref79_8u9_FL2979178,89.82038999691235,0.5879533032994578
http://media.getty.edu/iiif/research/archives/2012m1_ref79_8u9_FL2979179,89.82038999319845,0.5889844577726195
http://media.getty.edu/iiif/research/archives/2012m1_ref79_8u9_FL2979180,89.82038999319845,0.5900156122459159
http://media.getty.edu/iiif/research/archives/2012m1_ref79_8u9_FL2979181,89.82038999319845,0.5910467667190809
http://media.getty.edu/iiif/research/archives/2012m1_ref79_8u9_FL2979182,89.82038999319845,0.5920779211923773
http://media.getty.edu/iiif/research/archives/2012m1_ref79_8u9_FL2979183,89.88443122499598,0.5931090756770468
http://media.getty.edu/iiif/research/archives/2012m1_ref79_8u9_FL2979184,89.89525463429565,0.5941402301482959
http://media.getty.edu/iiif/research/archives/2012m1_ref79_8u9_FL2979185,89.89525463055881,0.5951713846194121
http://media.getty.edu/iiif/research/archives/2012m1_ref79_8u9_FL2979186,89.89525463429565,0.5962025391000789
http://media.getty.edu/iiif/research/archives/2012m1_ref79_8u9_FL2979187,89.91712275201577,0.5972336935713297
http://media.getty.edu/iiif/research/archives/2012m1_ref79_8u9_FL2979188,89.91712275201577,0.5982565174463831
http://media.getty.edu/iiif/research/archives/2012m1_ref79_8u9_FL2979189,89.92151267946485,0.599279341307018
http://media.getty.edu/iiif/research/archives/2012m1_ref79_8u9_FL2979190,89.92151267945452,0.6003021651772046
http://media.getty.edu/iiif/research/archives/2012m1_ref79_8u9_FL2979191,89.92151267946485,0.6013249890473913
http://media.getty.edu/iiif/research/archives/2012m1_ref79_8u9_FL2979192,89.92151267945452,0.602347812917578
http://media.getty.edu/iiif/research/archives/2012m1_ref79_8u9_FL2979193,89.92151267946485,0.6033706367782142
http://media.getty.edu/iiif/research/archives/2012m1_ref79_8u9_FL2979194,89.92185671845938,0.6043934606491953
http://media.getty.edu/iiif/research/archives/2012m1_ref79_8u9_FL2979195,89.92597448661276,0.6054162845174887
http://media.getty.edu/iiif/research/archives/2012m1_ref79_8u9_FL2979196,89.92597448661276,0.6064391083857811
http://media.getty.edu/iiif/research/archives/2012m1_ref79_8u9_FL2979197,89.92597448660301,0.6074619322540745
http://media.getty.edu/iiif/research/archives/2012m1_ref79_8u9_FL2979198,89.92597448661276,0.6084847561222322
http://media.getty.edu/iiif/research/archives/2012m1_ref79_8u9_FL2979199,89.92597448661276,0.6095075799905257
http://media.getty.edu/iiif/research/archives/2012m1_ref79_8u9_FL2979200,89.92597448660301,0.610530403858818
http://media.getty.edu/iiif/research/archives/2012m1_ref79_8u9_FL2979201,89.91860788646707,0.6115532277271115
http://media.getty.edu/iiif/research/archives/2012m1_ref79_8u9_FL2979202,89.91860788646707,0.6127631632588747
http://media.getty.edu/iiif/research/archives/2012m1_ref79_8u9_FL2979203,89.91803184470369,0.613973098797494
http://media.getty.edu/iiif/research/archives/2012m1_ref79_8u9_FL2979204,89.91803184470369,0.6151830343361119
http://media.getty.edu/iiif/research/archives/2012m1_ref79_8u9_FL2979205,89.91803184470369,0.6163929698653151
http://media.getty.edu/iiif/research/archives/2012m1_ref79_8u9_FL2979206,89.91803184470369,0.6176029054039329
http://media.getty.edu/iiif/research/archives/2012m1_ref79_8u9_FL2979207,89.89230127703478,0.6188128409415982
http://media.getty.edu/iiif/research/archives/2012m1_ref79_8u9_FL2979208,89.89230127703478,0.6199745672012484
http://media.getty.edu/iiif/research/archives/2012m1_ref79_8u9_FL2979209,89.89230129362018,0.6211362934704473
http://media.getty.edu/iiif/research/archives/2012m1_ref79_8u9_FL2979210,89.89230129362018,0.6222980197300975
http://media.getty.edu/iiif/research/archives/2012m1_ref79_8u9_FL2979211,89.89230129362018,0.6234597459897459
http://media.getty.edu/iiif/research/archives/2012m1_ref79_8u9_FL2979212,89.89230129692498,0.6246214722495306
http://media.getty.edu/iiif/research/archives/2012m1_ref79_8u9_FL2979213,89.89230129362018,0.6257831985091791
http://media.getty.edu/iiif/research/archives/2012m1_ref79_8u9_FL2979214,89.89230129362018,0.6269449247783777
http://media.getty.edu/iiif/research/archives/2012m1_ref79_8u9_FL2979215,89.8944265458067,0.6281066510380281
http://media.getty.edu/iiif/research/archives/2012m1_ref79_8u9_FL2979216,89.8944265458067,0.6292033198535258
http://media.getty.edu/iiif/research/archives/2012m1_ref79_8u9_FL2979217,89.8949666110969,0.6302999886689702
http://media.getty.edu/iiif/research/archives/2012m1_ref79_8u9_FL2979218,89.89496660758354,0.6313966574844146
http://media.getty.edu/iiif/research/archives/2012m1_ref79_8u9_FL2979219,89.89496660758354,0.632493326309275
http://media.getty.edu/iiif/research/archives/2012m1_ref79_8u9_FL2979220,89.89496660758354,0.6335899951247195
http://media.getty.edu/iiif/research/archives/2012m1_ref79_8u9_FL2979221,89.89496660757035,0.6346866639400294
http://media.getty.edu/iiif/research/archives/2012m1_ref79_8u9_FL2979222,89.8949666110969,0.635783332755472
http://media.getty.edu/iiif/research/archives/2012m1_ref79_8u9_FL2979223,89.89496660758354,0.6368800015709165
http://media.getty.edu/iiif/research/archives/2012m1_ref79_8u9_FL2979224,89.89496660758354,0.637976670386361
http://media.getty.edu/iiif/research/archives/2012m1_ref79_8u9_FL2979225,89.65782623069931,0.6390733391986502
http://media.getty.edu/iiif/research/archives/2012m1_ref79_8u9_FL2979226,89.65782623069931,0.6403382244477025
http://media.getty.edu/iiif/research/archives/2012m1_ref79_8u9_FL2979227,89.65782621854974,0.6416031097063112
http://media.getty.edu/iiif/research/archives/2012m1_ref79_8u9_FL2979228,89.65782622156006,0.6428679949553693
http://media.getty.edu/iiif/research/archives/2012m1_ref79_8u9_FL2979229,89.65782622159615,0.6441328802044277
http://media.getty.edu/iiif/research/archives/2012m1_ref79_8u9_FL2979230,89.65782622156006,0.6453977654534805
http://media.getty.edu/iiif/research/archives/2012m1_ref79_8u9_FL2979231,89.65782621854974,0.6466626507120887
http://media.getty.edu/iiif/research/archives/2012m1_ref79_8u9_FL2979232,89.65782622156006,0.6479275359611472
http://media.getty.edu/iiif/research/archives/2012m1_ref79_8u9_FL2979233,89.65782622156006,0.6491924212101996
http://media.getty.edu/iiif/research/archives/2012m1_ref79_8u9_FL2979234,89.65782622159615,0.6504573064593924
http://media.getty.edu/iiif/research/archives/2012m1_ref79_8u9_FL2979235,89.65782621851365,0.6517221917178667
http://media.getty.edu/iiif/research/archives/2012m1_ref79_8u9_FL2979236,89.63914962809682,0.6529870769657211
http://media.getty.edu/iiif/research/archives/2012m1_ref79_8u9_FL2979237,89.63914962809682,0.6542334081155746
http://media.getty.edu/iiif/research/archives/2012m1_ref79_8u9_FL2979238,89.6391496188212,0.6554797392652936
http://media.getty.edu/iiif/research/archives/2012m1_ref79_8u9_FL2979239,89.63914961572952,0.6567260704151469
http://media.getty.edu/iiif/research/archives/2012m1_ref79_8u9_FL2979240,89.6391496188212,0.6579724015744157
http://media.getty.edu/iiif/research/archives/2012m1_ref79_8u9_FL2979241,89.63914961572952,0.6592187327241347
http://media.getty.edu/iiif/research/archives/2012m1_ref79_8u9_FL2979242,89.63914961572952,0.6604650638739882
http://media.getty.edu/iiif/research/archives/2012m1_ref79_8u9_FL2979243,89.63914961878224,0.661711395023707
http://media.getty.edu/iiif/research/archives/2012m1_ref79_8u9_FL2979244,89.63914961572952,0.6629577261735605
http://media.getty.edu/iiif/research/archives/2012m1_ref79_8u9_FL2979245,89.6391496188212,0.6642040573232735
http://media.getty.edu/iiif/research/archives/2012m1_ref79_8u9_FL2979246,89.63914961572952,0.6654503884731329
http://media.getty.edu/iiif/research/archives/2012m1_ref79_8u9_FL2979247,89.63864387144777,0.6666967196273554
http://media.getty.edu/iiif/research/archives/2012m1_ref79_8u9_FL2979248,89.63864387144777,0.6681298030582228
http://media.getty.edu/iiif/research/archives/2012m1_ref79_8u9_FL2979249,89.63864388220331,0.6695628864985005
http://media.getty.edu/iiif/research/archives/2012m1_ref79_8u9_FL2979250,89.63864388492658,0.6709959699293618
http://media.getty.edu/iiif/research/archives/2012m1_ref79_8u9_FL2979251,89.63864388220331,0.6724290533696451
http://media.getty.edu/iiif/research/archives/2012m1_ref79_8u9_FL2979252,89.6386438848922,0.6738621368005064
http://media.getty.edu/iiif/research/archives/2012m1_ref79_8u9_FL2979253,89.63864388220331,0.6752952202409241
http://media.getty.edu/iiif/research/archives/2012m1_ref79_8u9_FL2979254,89.63864388492658,0.6767283036716512
http://media.getty.edu/iiif/research/archives/2012m1_ref79_8u9_FL2979255,89.63864388220331,0.6781613871120634
http://media.getty.edu/iiif/research/archives/2012m1_ref79_8u9_FL2979256,89.63262522852237,0.6795944705429307
http://media.getty.edu/iiif/research/archives/2012m1_ref79_8u9_FL2979257,89.63262522852237,0.680911121570304
http://media.getty.edu/iiif/research/archives/2012m1_ref79_8u9_FL2979258,89.63035494081564,0.6822277725993042
http://media.getty.edu/iiif/research/archives/2012m1_ref79_8u9_FL2979259,89.6303549378884,0.6835444236188946
http://media.getty.edu/iiif/research/archives/2012m1_ref79_8u9_FL2979260,89.6303549378884,0.6848610746479012
http://media.getty.edu/iiif/research/archives/2012m1_ref79_8u9_FL2979261,89.6303549378884,0.6861777256769074
http://media.getty.edu/iiif/research/archives/2012m1_ref79_8u9_FL2979262,89.63397575277119,0.6874943766961379
http://media.getty.edu/iiif/research/archives/2012m1_ref79_8u9_FL2979263,89.65380614833664,0.6888110277189894
http://media.getty.edu/iiif/research/archives/2012m1_ref79_8u9_FL2979264,89.65380615129882,0.6901276787512565
http://media.getty.edu/iiif/research/archives/2012m1_ref79_8u9_FL2979265,89.6471633027396,0.6914443297710005
http://media.getty.edu/iiif/research/archives/2012m1_ref79_8u9_FL2979266,89.64523190271856,0.6927609807969675
http://media.getty.edu/iiif/research/archives/2012m1_ref79_8u9_FL2979267,89.64523190560914,0.6940776318230637
http://media.getty.edu/iiif/research/archives/2012m1_ref79_8u9_FL2979268,89.64523190564522,0.6953942828490255
http://media.getty.edu/iiif/research/archives/2012m1_ref79_8u9_FL2979269,89.63924431733601,0.6967109338811556
http://media.getty.edu/iiif/research/archives/2012m1_ref79_8u9_FL2979270,89.59933673024985,0.6980275849026155
http://media.getty.edu/iiif/research/archives/2012m1_ref79_8u9_FL2979278,82.08310560131117,0.6799546021047852
http://media.getty.edu/iiif/research/archives/2012m1_ref79_8u9_FL2979279,82.08310560131117,0.6814600794593888
http://media.getty.edu/iiif/research/archives/2012m1_ref79_8u9_FL2979280,89.63035493984505,0.6831645350752295
http://media.getty.edu/iiif/research/archives/2012m1_ref79_8u9_FL2979281,89.63035493758414,0.6848689906813857
http://media.getty.edu/iiif/research/archives/2012m1_ref79_8u9_FL2979282,89.63035493761336,0.686573446287676
http://media.getty.edu/iiif/research/archives/2012m1_ref79_8u9_FL2979283,89.64393227358818,0.6882779018968095
http://media.getty.edu/iiif/research/archives/2012m1_ref79_8u9_FL2979284,89.65380615098026,0.6899823575087335
http://media.getty.edu/iiif/research/archives/2012m1_ref79_8u9_FL2979285,89.64745489808895,0.6916868131123302
http://media.getty.edu/iiif/research/archives/2012m1_ref79_8u9_FL2979286,89.64523190590134,0.6933912687226722
http://media.getty.edu/iiif/research/archives/2012m1_ref79_8u9_FL2979287,89.64523190366853,0.6950957243330146
http://media.getty.edu/iiif/research/archives/2012m1_ref79_8u9_FL2979288,89.59933675723902,0.6968001799380309
http://media.getty.edu/iiif/research/archives/2012m1_ref79_8u9_FL2979289,89.59933675723902,0.6981525663330753
http://media.getty.edu/iiif/research/archives/2012m1_ref79_8u9_FL2979290,89.59933674303196,0.6995049527281199
http://media.getty.edu/iiif/research/archives/2012m1_ref79_8u9_FL2979291,89.62133556803596,0.7008573391266024
http://media.getty.edu/iiif/research/archives/2012m1_ref79_8u9_FL2979292,89.71494872194849,0.702209725520454
http://media.getty.edu/iiif/research/archives/2012m1_ref79_8u9_FL2979293,89.71494871909918,0.7035621119238513
http://media.getty.edu/iiif/research/archives/2012m1_ref79_8u9_FL2979294,89.69053085716723,0.704914498308891
http://media.getty.edu/iiif/research/archives/2012m1_ref79_8u9_FL2979295,89.65010645826634,0.7062668847114514
http://media.getty.edu/iiif/research/archives/2012m1_ref79_8u9_FL2979296,89.6501064611506,0.7076192711045902
http://media.getty.edu/iiif/research/archives/2012m1_ref79_8u9_FL2979297,89.65010645826634,0.7089716574977291
http://media.getty.edu/iiif/research/archives/2012m1_ref79_8u9_FL2979298,89.65010645826634,0.7103240438908678
http://media.getty.edu/iiif/research/archives/2012m1_ref79_8u9_FL2979299,89.63740113052222,0.711676430293704
http://media.getty.edu/iiif/research/archives/2012m1_ref79_8u9_FL2979300,89.63406477699216,0.7130288166856068
http://media.getty.edu/iiif/research/archives/2012m1_ref79_8u9_FL2979301,89.63406477980539,0.7143812030776496
http://media.getty.edu/iiif/research/archives/2012m1_ref79_8u9_FL2979302,89.63406477699216,0.7157335894791023
http://media.getty.edu/iiif/research/archives/2012m1_ref79_8u9_FL2979303,89.63406477984205,0.7170859758711451
http://media.getty.edu/iiif/research/archives/2012m1_ref79_8u9_FL2979304,89.63406477980539,0.7184383622630475
http://media.getty.edu/iiif/research/archives/2012m1_ref79_8u9_FL2979305,89.63406477699216,0.7197907486645004
http://media.getty.edu/iiif/research/archives/2012m1_ref79_8u9_FL2979306,81.55083870956425,0.7209796608342413
http://media.getty.edu/iiif/research/archives/2012m1_ref79_8u9_FL2979307,81.55083870956425,0.7221297795678341
http://media.getty.edu/iiif/research/archives/2012m1_ref79_8u9_FL2979308,89.63221921279886,0.7234430354021257
http://media.getty.edu/iiif/research/archives/2012m1_ref79_8u9_FL2979309,89.63221921279886,0.7247562912364173
http://media.getty.edu/iiif/research/archives/2012m1_ref79_8u9_FL2979310,89.63221921276104,0.7260695470801312
http://media.getty.edu/iiif/research/archives/2012m1_ref79_8u9_FL2979311,89.63221921279886,0.7273828029144227
http://media.getty.edu/iiif/research/archives/2012m1_ref79_8u9_FL2979312,89.63221921276104,0.7286960587485858
http://media.getty.edu/iiif/research/archives/2012m1_ref79_8u9_FL2979313,89.63221921279886,0.7300093145922937
http://media.getty.edu/iiif/research/archives/2012m1_ref79_8u9_FL2979314,89.63221921279886,0.7313225704265912
http://media.getty.edu/iiif/research/archives/2012m1_ref79_8u9_FL2979315,89.63221921276104,0.732635826260883
http://media.getty.edu/iiif/research/archives/2012m1_ref79_8u9_FL2979316,89.63221921279886,0.733949082095181
http://media.getty.edu/iiif/research/archives/2012m1_ref79_8u9_FL2979317,89.63221921279886,0.7352623379388884
http://media.getty.edu/iiif/research/archives/2012m1_ref79_8u9_FL2979318,89.63221921569573,0.7365755937731864
http://media.getty.edu/iiif/research/archives/2012m1_ref79_8u9_FL2979319,89.63221921279886,0.7378888496074779
http://media.getty.edu/iiif/research/archives/2012m1_ref79_8u9_FL2979320,89.63221921276104,0.7392021054511915
http://media.getty.edu/iiif/research/archives/2012m1_ref79_8u9_FL2979321,89.63221921279886,0.740515361285349
http://media.getty.edu/iiif/research/archives/2012m1_ref79_8u9_FL2979322,89.66197574595766,0.7418286171229623
http://media.getty.edu/iiif/research/archives/2012m1_ref79_8u9_FL2979323,89.66197574595766,0.7432853815436378
http://media.getty.edu/iiif/research/archives/2012m1_ref79_8u9_FL2979324,89.6619757221822,0.7447421459643186
http://media.getty.edu/iiif/research/archives/2012m1_ref79_8u9_FL2979325,89.66197572479604,0.7461989103851284
http://media.getty.edu/iiif/research/archives/2012m1_ref79_8u9_FL2979326,89.66197572479604,0.7476556747962535
http://media.getty.edu/iiif/research/archives/2012m1_ref79_8u9_FL2979327,89.6619757221507,0.7491124392170689
http://media.getty.edu/iiif/research/archives/2012m1_ref79_8u9_FL2979328,89.66197572482697,0.7505692036377501
http://media.getty.edu/iiif/research/archives/2012m1_ref79_8u9_FL2979329,89.59200476086048,0.7520259680613118
http://media.getty.edu/iiif/research/archives/2012m1_ref79_8u9_FL2979330,89.62310209644455,0.7534827325168114
http://media.getty.edu/iiif/research/archives/2012m1_ref79_8u9_FL2979331,89.50970464385568,0.7549394969150989
http://media.getty.edu/iiif/research/archives/2012m1_ref79_8u9_FL2979332,89.89333992154492,0.7563962613679941
http://media.getty.edu/iiif/research/archives/2012m1_ref79_8u9_FL2979333,89.4791436217465,0.7578530257871796
http://media.getty.edu/iiif/research/archives/2012m1_ref79_8u9_FL2979334,89.6688686452483,0.7593097901879448
http://media.getty.edu/iiif/research/archives/2012m1_ref79_8u9_FL2979335,89.72387789869735,0.7607665546073098
http://media.getty.edu/iiif/research/archives/2012m1_ref79_8u9_FL2979336,89.63052521865615,0.7622233190214638
http://media.getty.edu/iiif/research/archives/2012m1_ref79_8u9_FL2979337,89.63052521865615,0.7636022089960449
http://media.getty.edu/iiif/research/archives/2012m1_ref79_8u9_FL2979338,89.63052519629933,0.7649810989610818
http://media.getty.edu/iiif/research/archives/2012m1_ref79_8u9_FL2979339,89.63052519909421,0.7663599889355284
http://media.getty.edu/iiif/research/archives/2012m1_ref79_8u9_FL2979340,89.63052519909421,0.767738878910116
http://media.getty.edu/iiif/research/archives/2012m1_ref79_8u9_FL2979341,89.63052519909421,0.7691177688751468
http://media.getty.edu/iiif/research/archives/2012m1_ref79_8u9_FL2979342,89.63052519629933,0.7704966588495994
http://media.getty.edu/iiif/research/archives/2012m1_ref79_8u9_FL2979343,89.63052519909421,0.771875548824181
http://media.getty.edu/iiif/research/archives/2012m1_ref79_8u9_FL2979344,89.63052519909421,0.7732544387892178
http://media.getty.edu/iiif/research/archives/2012m1_ref79_8u9_FL2979345,89.63052519626324,0.7746333287637989
http://media.getty.edu/iiif/research/archives/2012m1_ref79_8u9_FL2979346,89.63052519909421,0.7760122187382521
http://media.getty.edu/iiif/research/archives/2012m1_ref79_8u9_FL2979347,89.63052519909421,0.7773911087032828
http://media.getty.edu/iiif/research/archives/2012m1_ref79_8u9_FL2979348,89.63052519909421,0.7787699986778639
http://media.getty.edu/iiif/research/archives/2012m1_ref79_8u9_FL2979349,89.63052519629933,0.7801488886429008
http://media.getty.edu/iiif/research/archives/2012m1_ref79_8u9_FL2979350,89.63052519909421,0.7815277786173539
http://media.getty.edu/iiif/research/archives/2012m1_ref79_8u9_FL2979351,89.6433918586711,0.78290666858898
http://media.getty.edu/iiif/research/archives/2012m1_ref79_8u9_FL2979352,89.6433918586711,0.7843768938224198
http://media.getty.edu/iiif/research/archives/2012m1_ref79_8u9_FL2979353,89.64339186918774,0.78584711905586
http://media.getty.edu/iiif/research/archives/2012m1_ref79_8u9_FL2979354,89.6427660517967,0.7873173442962834
http://media.getty.edu/iiif/research/archives/2012m1_ref79_8u9_FL2979355,89.63379140466057,0.7887875695313424
http://media.getty.edu/iiif/research/archives/2012m1_ref79_8u9_FL2979356,89.63379140462735,0.790257794766261
http://media.getty.edu/iiif/research/archives/2012m1_ref79_8u9_FL2979357,89.63379140466057,0.7917280200011857
http://media.getty.edu/iiif/research/archives/2012m1_ref79_8u9_FL2979358,89.63379140462735,0.7931982452362387
http://media.getty.edu/iiif/research/archives/2012m1_ref79_8u9_FL2979359,89.63379140462735,0.7946684704711573
http://media.getty.edu/iiif/research/archives/2012m1_ref79_8u9_FL2979360,89.63379140728186,0.7961386957060819
http://media.getty.edu/iiif/research/archives/2012m1_ref79_8u9_FL2979361,89.63379140462735,0.797608920941135
http://media.getty.edu/iiif/research/archives/2012m1_ref79_8u9_FL2979362,89.63379140466057,0.7990791461760595
http://media.getty.edu/iiif/research/archives/2012m1_ref79_8u9_FL2979363,89.63379140462735,0.8005493714109782
http://media.getty.edu/iiif/research/archives/2012m1_ref79_8u9_FL2979364,89.63379140466057,0.8020195966460373
http://media.getty.edu/iiif/research/archives/2012m1_ref79_8u9_FL2979365,89.86480000574791,0.8034898218809557
http://media.getty.edu/iiif/research/archives/2012m1_ref79_8u9_FL2979366,89.86480000574791,0.8049664296380213
http://media.getty.edu/iiif/research/archives/2012m1_ref79_8u9_FL2979367,89.86834632568262,0.8064430374007316
http://media.getty.edu/iiif/research/archives/2012m1_ref79_8u9_FL2979368,89.86834632569466,0.8079196451729945
http://media.getty.edu/iiif/research/archives/2012m1_ref79_8u9_FL2979369,89.86834632829245,0.8093962529357048
http://media.getty.edu/iiif/research/archives/2012m1_ref79_8u9_FL2979370,89.86834632569466,0.8108728606985495
http://media.getty.edu/iiif/research/archives/2012m1_ref79_8u9_FL2979371,89.86834632829245,0.8123494684708104
http://media.getty.edu/iiif/research/archives/2012m1_ref79_8u9_FL2979372,89.86834632569466,0.8138260762335227
http://media.getty.edu/iiif/research/archives/2012m1_ref79_8u9_FL2979373,89.86834632568262,0.8153026840057835
http://media.getty.edu/iiif/research/archives/2012m1_ref79_8u9_FL2979374,89.86834632830448,0.8167792917686282
http://media.getty.edu/iiif/research/archives/2012m1_ref79_8u9_FL2979375,89.86834632569466,0.8182558995408912
http://media.getty.edu/iiif/research/archives/2012m1_ref79_8u9_FL2979376,89.86834632829245,0.8197325073036015
http://media.getty.edu/iiif/research/archives/2012m1_ref79_8u9_FL2979377,89.86834632569466,0.8212091150758623
http://media.getty.edu/iiif/research/archives/2012m1_ref79_8u9_FL2979378,89.86834632568262,0.8226857228387091
http://media.getty.edu/iiif/research/archives/2012m1_ref79_8u9_FL2979379,88.02828470956845,0.8241141141565373
http://media.getty.edu/iiif/research/archives/2012m1_ref79_8u9_FL2979380,88.02828470956845,0.8257452924301051
http://media.getty.edu/iiif/research/archives/2012m1_ref79_8u9_FL2979381,89.88071679960113,0.8274341938045052
http://media.getty.edu/iiif/research/archives/2012m1_ref79_8u9_FL2979382,89.8807168018729,0.829123095179038
http://media.getty.edu/iiif/research/archives/2012m1_ref79_8u9_FL2979383,89.88071679960113,0.8308119965534362
http://media.getty.edu/iiif/research/archives/2012m1_ref79_8u9_FL2979384,89.8807168018729,0.8325008979278345
http://media.getty.edu/iiif/research/archives/2012m1_ref79_8u9_FL2979385,89.8807168018729,0.8341897993022327
http://media.getty.edu/iiif/research/archives/2012m1_ref79_8u9_FL2979386,89.88071679960113,0.8358787006766311
http://media.getty.edu/iiif/research/archives/2012m1_ref79_8u9_FL2979387,89.829244278886,0.8375676020510292
http://media.getty.edu/iiif/research/archives/2012m1_ref79_8u9_FL2979388,89.829244278886,0.8389165729221105
http://media.getty.edu/iiif/research/archives/2012m1_ref79_8u9_FL2979389,89.82123059560932,0.8402655437895594
http://media.getty.edu/iiif/research/archives/2012m1_ref79_8u9_FL2979390,89.82123059844776,0.841614514656877
http://media.getty.edu/iiif/research/archives/2012m1_ref79_8u9_FL2979391,89.82123059560932,0.8429634855147755
http://media.getty.edu/iiif/research/archives/2012m1_ref79_8u9_FL2979392,89.8212305984655,0.8443124563822245
http://media.getty.edu/iiif/research/archives/2012m1_ref79_8u9_FL2979393,89.82123059560932,0.8456614272495419
http://media.getty.edu/iiif/research/archives/2012m1_ref79_8u9_FL2979394,89.82123059844776,0.847010398116991
http://media.getty.edu/iiif/research/archives/2012m1_ref79_8u9_FL2979395,89.82123059560932,0.8483593689843053
http://media.getty.edu/iiif/research/archives/2012m1_ref79_8u9_FL2979396,89.89443761462708,0.84970833985162
http://media.getty.edu/iiif/research/archives/2012m1_ref79_8u9_FL2979397,89.89443761462708,0.8512054240708936
http://media.getty.edu/iiif/research/archives/2012m1_ref79_8u9_FL2979398,89.90418774885737,0.8527025082998364
http://media.getty.edu/iiif/research/archives/2012m1_ref79_8u9_FL2979399,89.90418774886597,0.8541995925289119
http://media.getty.edu/iiif/research/archives/2012m1_ref79_8u9_FL2979400,89.90418774885737,0.855696676757853
http://media.getty.edu/iiif/research/archives/2012m1_ref79_8u9_FL2979401,89.90418774885737,0.8571937609867957
http://media.getty.edu/iiif/research/archives/2012m1_ref79_8u9_FL2979402,89.90418774885737,0.8586908452158712
http://media.getty.edu/iiif/research/archives/2012m1_ref79_8u9_FL2979403,89.90418774885737,0.8601879294448123
http://media.getty.edu/iiif/research/archives/2012m1_ref79_8u9_FL2979404,89.82690149992533,0.8616850136652692
http://media.getty.edu/iiif/research/archives/2012m1_ref79_8u9_FL2979405,89.82690149992533,0.8634939531295528
http://media.getty.edu/iiif/research/archives/2012m1_ref79_8u9_FL2979406,89.82690149353458,0.865302892593702
http://media.getty.edu/iiif/research/archives/2012m1_ref79_8u9_FL2979407,89.82690149566483,0.8671118320579828
http://media.getty.edu/iiif/research/archives/2012m1_ref79_8u9_FL2979408,89.82690149353458,0.868920771512716
http://media.getty.edu/iiif/research/archives/2012m1_ref79_8u9_FL2979409,89.85991278468272,0.8707297109767596
http://media.getty.edu/iiif/research/archives/2012m1_ref79_8u9_FL2979410,89.85991278468272,0.8722820370615192
http://media.getty.edu/iiif/research/archives/2012m1_ref79_8u9_FL2979411,89.85991279957734,0.8738343631462792
http://media.getty.edu/iiif/research/archives/2012m1_ref79_8u9_FL2979412,89.85991279708267,0.8753866892309043
http://media.getty.edu/iiif/research/archives/2012m1_ref79_8u9_FL2979413,89.85991279957734,0.876939015315664
http://media.getty.edu/iiif/research/archives/2012m1_ref79_8u9_FL2979414,89.85991279957734,0.8784913414004238
http://media.getty.edu/iiif/research/archives/2012m1_ref79_8u9_FL2979415,89.85991279957734,0.8800436674851811
http://media.getty.edu/iiif/research/archives/2012m1_ref79_8u9_FL2979416,89.85991279709471,0.8815959935698063
http://media.getty.edu/iiif/research/archives/2012m1_ref79_8u9_FL2979417,89.85991279956531,0.8831483196545662
http://media.getty.edu/iiif/research/archives/2012m1_ref79_8u9_FL2979418,89.85991279957734,0.8847006457299099
http://media.getty.edu/iiif/research/archives/2012m1_ref79_8u9_FL2979419,83.04288083302743,0.8860907929046776
http://media.getty.edu/iiif/research/archives/2012m1_ref79_8u9_FL2979420,83.04288083302743,0.8874545671686497
http://media.getty.edu/iiif/research/archives/2012m1_ref79_8u9_FL2979421,89.84316887570188,0.888981418108645
http://media.getty.edu/iiif/research/archives/2012m1_ref79_8u9_FL2979422,89.84316887823951,0.8905082690390926
http://media.getty.edu/iiif/research/archives/2012m1_ref79_8u9_FL2979423,89.84316887822577,0.8920351199789536
http://media.getty.edu/iiif/research/archives/2012m1_ref79_8u9_FL2979424,89.84316887822577,0.893561970918949
http://media.getty.edu/iiif/research/archives/2012m1_ref79_8u9_FL2979425,89.84316887823951,0.8950888218493939
http://media.getty.edu/iiif/research/archives/2012m1_ref79_8u9_FL2979426,84.50929874990786,0.8964646699283838
http://media.getty.edu/iiif/research/archives/2012m1_ref79_8u9_FL2979427,84.50929874990786,0.8980978688869232
http://media.getty.edu/iiif/research/archives/2012m1_ref79_8u9_FL2979428,89.79070128111,0.8998820359364349
http://media.getty.edu/iiif/research/archives/2012m1_ref79_8u9_FL2979429,89.79070127893391,0.9016662029859465
http://media.getty.edu/iiif/research/archives/2012m1_ref79_8u9_FL2979430,89.79070128111,0.9034503700354579
http://media.getty.edu/iiif/research/archives/2012m1_ref79_8u9_FL2979431,89.79070128109397,0.9052345370848349
http://media.getty.edu/iiif/research/archives/2012m1_ref79_8u9_FL2979432,83.1178387511701,0.906829439419556
http://media.getty.edu/iiif/research/archives/2012m1_ref79_8u9_FL2979433,83.1178387511701,0.908445806530766
http://media.getty.edu/iiif/research/archives/2012m1_ref79_8u9_FL2979434,89.79089224366426,0.9102511266222219
http://media.getty.edu/iiif/research/archives/2012m1_ref79_8u9_FL2979435,89.7908922436488,0.9120564467230902
http://media.getty.edu/iiif/research/archives/2012m1_ref79_8u9_FL2979436,89.79089224579911,0.913861766823962
http://media.getty.edu/iiif/research/archives/2012m1_ref79_8u9_FL2979437,89.7908922436488,0.9156670869152796
http://media.getty.edu/iiif/research/archives/2012m1_ref79_8u9_FL2979438,80.17029644897202,0.9172092714085976
http://media.getty.edu/iiif/research/archives/2012m1_ref79_8u9_FL2979439,80.17029644897202,0.9187922538398445
http://media.getty.edu/iiif/research/archives/2012m1_ref79_8u9_FL2979440,89.7929700810768,0.9206489771077966
http://media.getty.edu/iiif/research/archives/2012m1_ref79_8u9_FL2979441,89.7929700810768,0.9225057003757485
http://media.getty.edu/iiif/research/archives/2012m1_ref79_8u9_FL2979442,89.792970079001,0.9243624236437009
http://media.getty.edu/iiif/research/archives/2012m1_ref79_8u9_FL2979443,89.7929700810768,0.9262191469021024
http://media.getty.edu/iiif/research/archives/2012m1_ref79_8u9_FL2979444,72.79518428270104,0.9276826804853114
http://media.getty.edu/iiif/research/archives/2012m1_ref79_8u9_FL2979445,72.79518428270104,0.9289655894735617
http://media.getty.edu/iiif/research/archives/2012m1_ref79_8u9_FL2979446,89.8434545432895,0.9306421225419126
http://media.getty.edu/iiif/research/archives/2012m1_ref79_8u9_FL2979447,89.84345454327689,0.9323186556104003
http://media.getty.edu/iiif/research/archives/2012m1_ref79_8u9_FL2979448,89.8434545432895,0.9339951886787536
http://media.getty.edu/iiif/research/archives/2012m1_ref79_8u9_FL2979449,89.8434545432895,0.9356717217472388
http://media.getty.edu/iiif/research/archives/2012m1_ref79_8u9_FL2979450,89.84345454557501,0.9373482548155923
http://media.getty.edu/iiif/research/archives/2012m1_ref79_8u9_FL2979451,89.81359202784753,0.9390247878839701
http://media.getty.edu/iiif/research/archives/2012m1_ref79_8u9_FL2979452,89.79070127930804,0.940701320949017
http://media.getty.edu/iiif/research/archives/2012m1_ref79_8u9_FL2979453,89.79070128160674,0.9423778540139256
http://media.getty.edu/iiif/research/archives/2012m1_ref79_8u9_FL2979454,89.79070127930804,0.9440543870883885
http://media.getty.edu/iiif/research/archives/2012m1_ref79_8u9_FL2979455,89.79070128160674,0.9457309201532974
http://media.getty.edu/iiif/research/archives/2012m1_ref79_8u9_FL2979456,89.79070127932467,0.9474074532182095
http://media.getty.edu/iiif/research/archives/2012m1_ref79_8u9_FL2979457,89.80855523429815,0.949083986276294
http://media.getty.edu/iiif/research/archives/2012m1_ref79_8u9_FL2979458,89.83722833558308,0.9507605193507137
http://media.getty.edu/iiif/research/archives/2012m1_ref79_8u9_FL2979459,89.83722833786861,0.9524370524155806
http://media.getty.edu/iiif/research/archives/2012m1_ref79_8u9_FL2979460,89.83722833558308,0.9541135854805848
http://media.getty.edu/iiif/research/archives/2012m1_ref79_8u9_FL2979461,89.83722833786861,0.9557901185454517
http://media.getty.edu/iiif/research/archives/2012m1_ref79_8u9_FL2979462,89.83722833558308,0.9574666516198717
http://media.getty.edu/iiif/research/archives/2012m1_ref79_8u9_FL2979463,89.81911771623896,0.9591431846871192
http://media.getty.edu/iiif/research/archives/2012m1_ref79_8u9_FL2979464,89.79427097571167,0.9608197177523798
http://media.getty.edu/iiif/research/archives/2012m1_ref79_8u9_FL2979465,89.79427097569506,0.9624962508176402
http://media.getty.edu/iiif/research/archives/2012m1_ref79_8u9_FL2979466,89.79427097571167,0.9641727838829043
http://media.getty.edu/iiif/research/archives/2012m1_ref79_8u9_FL2979467,89.79427097800982,0.9658493169575805
http://media.getty.edu/iiif/research/archives/2012m1_ref79_8u9_FL2979468,89.79427097569506,0.9675258500229753
http://media.getty.edu/iiif/research/archives/2012m1_ref79_8u9_FL2979469,78.89326822483254,0.9689809005992103
http://media.getty.edu/iiif/research/archives/2012m1_ref79_8u9_FL2979470,78.89326822483254,0.9701221137520839
http://media.getty.edu/iiif/research/archives/2012m1_ref79_8u9_FL2979471,89.86858789326567,0.9714843715652182
http://media.getty.edu/iiif/research/archives/2012m1_ref79_8u9_FL2979472,89.86858789042435,0.9728466293783501
http://media.getty.edu/iiif/research/archives/2012m1_ref79_8u9_FL2979473,89.86858789325305,0.9742088871914844
http://media.getty.edu/iiif/research/archives/2012m1_ref79_8u9_FL2979474,89.86858789043697,0.9755711450044817
http://media.getty.edu/iiif/research/archives/2012m1_ref79_8u9_FL2979475,89.86858789325305,0.9769334028176159
http://media.getty.edu/iiif/research/archives/2012m1_ref79_8u9_FL2979476,89.86858789325305,0.9782956606307499
http://media.getty.edu/iiif/research/archives/2012m1_ref79_8u9_FL2979477,89.86858789043697,0.9796579184437475
http://media.getty.edu/iiif/research/archives/2012m1_ref79_8u9_FL2979478,89.86858789325305,0.9810201762568815
http://media.getty.edu/iiif/research/archives/2012m1_ref79_8u9_FL2979479,89.86858789325305,0.9823824340700157
http://media.getty.edu/iiif/research/archives/2012m1_ref79_8u9_FL2979480,89.86858789043697,0.9837446918831476
http://media.getty.edu/iiif/research/archives/2012m1_ref79_8u9_FL2979481,89.86858789325305,0.9851069496961473
http://media.getty.edu/iiif/research/archives/2012m1_ref79_8u9_FL2979482,89.86858789325305,0.9864692075092815
http://media.getty.edu/iiif/research/archives/2012m1_ref79_8u9_FL2979483,89.86858789043697,0.9878314653224135
http://media.getty.edu/iiif/research/archives/2012m1_ref79_8u9_FL2979484,89.85249121945131,0.989193723135413
http://media.getty.edu/iiif/research/archives/2012m1_ref79_8u9_FL2979485,89.85249121945131,0.9903570304945291
http://media.getty.edu/iiif/research/archives/2012m1_ref79_8u9_FL2979486,89.84331184019223,0.991520337848725
http://media.getty.edu/iiif/research/archives/2012m1_ref79_8u9_FL2979487,89.84331184017447,0.9926836452124717
http://media.getty.edu/iiif/research/archives/2012m1_ref79_8u9_FL2979488,89.84331184019223,0.9938469525666677
http://media.getty.edu/iiif/research/archives/2012m1_ref79_8u9_FL2979489,89.84331184017447,0.9950102599304117
http://media.getty.edu/iiif/research/archives/2012m1_ref79_8u9_FL2979490,89.84331184350506,0.9961735672846077
http://media.getty.edu/iiif/research/archives/2012m1_ref79_8u9_FL2979491,89.84331184017447,0.9973368746389382
http://media.getty.edu/iiif/research/archives/2012m1_ref79_8u9_FL2979492,89.84331184019223,0.9985001820025504
http://media.getty.edu/iiif/research/archives/2012m1_ref79_8u9_FL2979493,89.84331184017447,0.9996634893568783
http://media.getty.edu/iiif/research/archives/2012m1_ref79_8u9_FL2979494,89.87995572969383,1.0
http://media.getty.edu/iiif/research/archives/2012m1_ref79_8u9_FL2979510,89.85787479877668,0.9888721027987862
http://media.getty.edu/iiif/research/archives/2012m1_ref79_8u9_FL2979511,89.85787479877668,0.990163579775865
http://media.getty.edu/iiif/research/archives/2012m1_ref79_8u9_FL2979512,89.84331184239066,0.9914550567545984
http://media.getty.edu/iiif/research/archives/2012m1_ref79_8u9_FL2979513,89.84331183939068,0.9927465337333293
http://media.getty.edu/iiif/research/archives/2012m1_ref79_8u9_FL2979514,89.84331184239066,0.9940380107214761
http://media.getty.edu/iiif/research/archives/2012m1_ref79_8u9_FL2979515,89.84331183939068,0.9953294877002095
http://media.getty.edu/iiif/research/archives/2012m1_ref79_8u9_FL2979516,89.84331184239066,0.9966209646789403
http://media.getty.edu/iiif/research/archives/2012m1_ref79_8u9_FL2979517,89.84331183940671,0.9979124416575368
http://media.getty.edu/iiif/research/archives/2012m1_ref79_8u9_FL2979518,89.84331184237462,0.9992039186362675
http://media.getty.edu/iiif/research/archives/2012m1_ref79_8u9_FL2979519,89.86308888067188,1.0
